{"stats":{"minecraft:custom":{"minecraft:interact_with_crafting_table":84,"minecraft:eat_cake_slice":7,"minecraft:leave_game":38,"minecraft:time_since_death":394,"minecraft:sprint_one_cm":1506483,"minecraft:damage_blocked_by_shield":4050,"minecraft:drop":251,"minecraft:talked_to_villager":16,"minecraft:play_time":853196,"minecraft:deaths":22,"minecraft:jump":13489,"minecraft:interact_with_brewingstand":2,"minecraft:enchant_item":25,"minecraft:walk_on_water_one_cm":115074,"minecraft:interact_with_furnace":137,"minecraft:traded_with_villager":1,"minecraft:sleep_in_bed":17,"minecraft:damage_dealt":15645,"minecraft:player_kills":6,"minecraft:crouch_one_cm":124052,"minecraft:interact_with_smoker":1,"minecraft:horse_one_cm":6908,"minecraft:interact_with_anvil":17,"minecraft:mob_kills":277,"minecraft:damage_dealt_resisted":328,"minecraft:climb_one_cm":3393,"minecraft:walk_one_cm":1561597,"minecraft:sneak_time":40046,"minecraft:walk_under_water_one_cm":86000,"minecraft:total_world_time":853196,"minecraft:time_since_rest":427,"minecraft:damage_taken":15948,"minecraft:swim_one_cm":198365,"minecraft:fly_one_cm":2932162,"minecraft:open_chest":237,"minecraft:fall_one_cm":428156},"minecraft:used":{"minecraft:chest":2,"minecraft:shield":98,"minecraft:iron_sword":48,"minecraft:mutton":4,"minecraft:carrot":34,"minecraft:tuff":67,"minecraft:obsidian":11,"minecraft:milk_bucket":1,"minecraft:lava_bucket":1,"minecraft:golden_sword":1,"minecraft:bow":108,"minecraft:furnace":14,"minecraft:egg":1,"minecraft:potato":2,"cgm:heavy_rifle":76,"minecraft:golden_boots":2,"minecraft:mossy_stone_bricks":2,"minecraft:diorite":2,"minecraft:diamond_boots":3,"minecraft:oak_planks":459,"minecraft:stone_pickaxe":49,"create:crimsite":3,"minecraft:ender_pearl":1,"minecraft:wooden_pickaxe":29,"minecraft:sandstone":8,"minecraft:diamond_axe":748,"minecraft:crossbow":4,"minecraft:dark_oak_log":2,"minecraft:bread":218,"minecraft:cyan_bed":8,"minecraft:lectern":1,"minecraft:gravel":5,"cgm:assault_rifle":951,"minecraft:nether_wart_block":2,"minecraft:diamond_sword":137,"minecraft:andesite":1,"minecraft:experience_bottle":2,"create:limestone":4,"minecraft:enchanting_table":2,"minecraft:flint_and_steel":1,"minecraft:tropical_fish":6,"minecraft:stone_shovel":43,"minecraft:cooked_chicken":1,"minecraft:netherrack":220,"minecraft:oak_door":4,"minecraft:torch":15,"minecraft:brewing_stand":1,"minecraft:dirt":77,"minecraft:warped_wart_block":1,"cgm:workbench":2,"minecraft:twisting_vines":2,"minecraft:diamond_helmet":2,"minecraft:golden_chestplate":1,"minecraft:iron_hoe":88,"minecraft:bookshelf":26,"minecraft:iron_block":2,"minecraft:iron_axe":62,"minecraft:crimson_planks":45,"minecraft:cooked_beef":2,"minecraft:cobbled_deepslate":169,"minecraft:cooked_mutton":5,"minecraft:water_bucket":39,"minecraft:rabbit":2,"cgm:pistol":233,"minecraft:cut_sandstone":2,"minecraft:salmon":1,"create:encased_fan":5,"minecraft:crafting_table":21,"minecraft:light_gray_concrete_powder":7,"minecraft:dark_oak_door":3,"minecraft:cake":1,"minecraft:oak_log":144,"minecraft:diamond_pickaxe":1454,"minecraft:apple":2,"minecraft:diamond_shovel":131,"create:mechanical_press":3,"minecraft:chicken":1,"minecraft:iron_pickaxe":570,"minecraft:stone_axe":49,"minecraft:cobblestone":15,"minecraft:bucket":41,"minecraft:cooked_porkchop":5,"minecraft:sea_pickle":2,"create:hand_crank":5,"minecraft:diamond_leggings":3},"minecraft:mined":{"create:deepslate_zinc_ore":24,"minecraft:stone_pressure_plate":1,"minecraft:fire_coral_wall_fan":3,"create:andesite_casing":2,"minecraft:obsidian":19,"minecraft:granite":3,"minecraft:red_sand":1,"minecraft:grass_block":112,"minecraft:spawner":1,"minecraft:weeping_vines_plant":17,"minecraft:tall_seagrass":7,"minecraft:raw_iron_block":1,"minecraft:magma_block":19,"minecraft:glowstone":10,"minecraft:iron_ore":62,"minecraft:cobbled_deepslate":4,"minecraft:fire":14,"minecraft:deepslate_lapis_ore":14,"minecraft:azure_bluet":1,"minecraft:enchanting_table":1,"minecraft:twisting_vines":2,"minecraft:flowering_azalea_leaves":1,"minecraft:light_gray_concrete":5,"minecraft:azalea_leaves":6,"minecraft:iron_block":2,"create:mechanical_press":3,"create:limestone":4,"minecraft:deepslate_redstone_ore":6,"minecraft:cut_sandstone":4,"minecraft:twisting_vines_plant":1,"minecraft:crimson_nylium":30,"minecraft:torch":2,"minecraft:blast_furnace":1,"minecraft:dead_bush":34,"minecraft:nether_quartz_ore":130,"minecraft:cobblestone":9,"minecraft:oak_planks":12,"minecraft:sugar_cane":15,"minecraft:cyan_bed":8,"minecraft:bricks":1,"minecraft:iron_door":10,"minecraft:wall_torch":2,"minecraft:deepslate_copper_ore":4,"minecraft:seagrass":1,"minecraft:warped_nylium":23,"minecraft:dark_oak_slab":1,"minecraft:dark_oak_door":3,"minecraft:nether_wart_block":17,"minecraft:wheat":34,"minecraft:tnt":9,"minecraft:grass":105,"minecraft:oak_log":636,"minecraft:beetroots":1,"create:hand_crank":2,"minecraft:sand":23,"minecraft:dirt":71,"minecraft:crimson_planks":1,"minecraft:deepslate":372,"minecraft:netherrack":472,"create:crimsite":3,"minecraft:oak_leaves":64,"create:zinc_ore":12,"minecraft:nether_gold_ore":6,"minecraft:tuff":78,"minecraft:deepslate_diamond_ore":35,"minecraft:dark_oak_log":11,"minecraft:nether_bricks":5,"minecraft:tube_coral_wall_fan":2,"minecraft:dark_oak_fence":12,"minecraft:crimson_roots":3,"minecraft:weeping_vines":3,"create:encased_fan":5,"minecraft:horn_coral_wall_fan":2,"minecraft:sandstone":22,"minecraft:crimson_stem":36,"cgm:workbench":1,"minecraft:hay_block":110,"minecraft:furnace":11,"minecraft:carrots":24,"minecraft:nether_sprouts":1,"minecraft:andesite":67,"minecraft:nether_brick_fence":4,"minecraft:bookshelf":30,"minecraft:shroomlight":1,"minecraft:deepslate_iron_ore":82,"minecraft:warped_stem":1,"minecraft:stone":273,"minecraft:smooth_sandstone":20,"minecraft:crafting_table":14,"minecraft:light_gray_concrete_powder":2,"minecraft:warped_roots":1,"minecraft:lectern":2,"minecraft:copper_ore":40,"minecraft:tall_grass":20,"minecraft:deepslate_gold_ore":28,"minecraft:diorite":9,"minecraft:warped_wart_block":1,"minecraft:sea_pickle":2,"minecraft:birch_leaves":1,"minecraft:coal_ore":35,"minecraft:bubble_coral_wall_fan":3,"minecraft:gravel":22,"minecraft:cobweb":16,"minecraft:cracked_stone_bricks":3,"minecraft:terracotta":72,"minecraft:stone_bricks":3,"minecraft:mossy_stone_bricks":2,"minecraft:gold_ore":4},"minecraft:dropped":{"minecraft:diamond":3,"minecraft:crossbow":2,"minecraft:leather":3,"minecraft:flint":1,"minecraft:dirt":4,"minecraft:dark_oak_fence":7,"minecraft:iron_pickaxe":1,"minecraft:white_wool":3,"minecraft:gold_ingot":7,"minecraft:bone":1,"minecraft:gravel":10,"minecraft:dark_oak_door":3,"minecraft:stone_axe":2,"minecraft:sugar_cane":3,"minecraft:iron_nugget":1,"minecraft:golden_chestplate":1,"minecraft:cobbled_deepslate":12,"minecraft:rotten_flesh":12,"minecraft:oak_planks":11,"minecraft:cooked_mutton":1,"minecraft:salmon":7,"cgm:assault_rifle":1,"minecraft:rabbit_foot":1,"minecraft:poppy":2,"minecraft:rabbit_hide":5,"minecraft:beetroot_seeds":1,"create:wheat_flour":14,"minecraft:iron_bars":2,"minecraft:arrow":18,"minecraft:netherrack":13,"minecraft:lectern":1,"minecraft:egg":4,"minecraft:water_bucket":1,"minecraft:stone_hoe":1,"minecraft:enchanted_book":2,"minecraft:golden_boots":1,"minecraft:iron_ingot":16,"minecraft:bread":1,"minecraft:wheat_seeds":28,"minecraft:yellow_terracotta":1,"minecraft:feather":5,"minecraft:cobblestone":19,"minecraft:lead":2,"minecraft:stick":20,"minecraft:diorite":2,"minecraft:green_dye":1,"minecraft:rabbit":2,"minecraft:iron_door":7,"minecraft:diamond_helmet":1,"minecraft:brown_terracotta":1,"minecraft:cactus":7,"minecraft:string":18,"minecraft:smooth_sandstone":20,"minecraft:bricks":1,"cgm:advanced_bullet":96,"minecraft:netherite_ingot":2,"minecraft:raw_copper":16,"minecraft:light_gray_terracotta":1,"minecraft:stone_shovel":2,"minecraft:clay_ball":1,"minecraft:blast_furnace":1,"minecraft:diamond_pickaxe":1,"minecraft:andesite":4,"minecraft:oak_sapling":26,"minecraft:stone_pressure_plate":1,"minecraft:sandstone":1,"minecraft:red_sand":1,"minecraft:bow":1,"minecraft:wooden_pickaxe":1,"minecraft:nautilus_shell":1,"minecraft:magma_block":14,"minecraft:terracotta":70},"minecraft:picked_up":{"minecraft:wooden_axe":2,"minecraft:wheat":32,"cgm:basic_bullet":1702,"minecraft:nether_brick_fence":7,"minecraft:lead":2,"minecraft:diamond_sword":4,"minecraft:enchanted_book":1,"minecraft:crimson_planks":1,"minecraft:golden_sword":1,"minecraft:string":41,"minecraft:raw_copper":165,"create:limestone":4,"minecraft:shroomlight":2,"minecraft:sea_pickle":4,"create:mechanical_press":3,"minecraft:diamond_leggings":4,"minecraft:red_sand":1,"minecraft:gold_nugget":28,"minecraft:cobbled_deepslate":206,"minecraft:azalea":2,"minecraft:iron_pickaxe":7,"cgm:advanced_bullet":256,"minecraft:furnace":11,"minecraft:dark_oak_door":3,"minecraft:stick":79,"minecraft:brown_terracotta":1,"minecraft:torch":11,"create:andesite_casing":2,"minecraft:porkchop":38,"minecraft:diorite":6,"minecraft:rabbit_foot":1,"minecraft:rotten_flesh":28,"minecraft:tropical_fish":6,"minecraft:iron_block":2,"minecraft:blaze_rod":43,"minecraft:obsidian":22,"minecraft:iron_bars":2,"minecraft:cobblestone":670,"minecraft:nautilus_shell":2,"minecraft:enchanting_table":1,"minecraft:magma_block":18,"minecraft:feather":5,"minecraft:iron_door":7,"minecraft:andesite":66,"minecraft:potato":3,"minecraft:flint":3,"minecraft:tuff":65,"create:raw_zinc":34,"cgm:heavy_rifle":2,"minecraft:lapis_lazuli":140,"minecraft:dirt":196,"minecraft:light_gray_concrete_powder":2,"minecraft:twisting_vines":2,"minecraft:bone":55,"minecraft:bow":3,"minecraft:wheat_seeds":95,"minecraft:raw_gold":32,"minecraft:mossy_stone_bricks":2,"minecraft:rabbit":4,"minecraft:diamond_helmet":5,"minecraft:glowstone_dust":102,"minecraft:oak_planks":12,"minecraft:cooked_porkchop":7,"minecraft:warped_wart_block":1,"minecraft:sand":20,"sophisticatedbackpacks:iron_backpack":5,"minecraft:cyan_bed":8,"minecraft:dark_oak_log":9,"cgm:pistol":3,"minecraft:light_gray_concrete":5,"minecraft:light_gray_terracotta":1,"create:crimsite":3,"minecraft:diamond":78,"minecraft:crossbow":4,"minecraft:granite":3,"minecraft:golden_apple":1,"sophisticatedbackpacks:feeding_upgrade":3,"minecraft:emerald":8,"minecraft:bread":83,"minecraft:oak_sapling":34,"minecraft:netherrack":552,"minecraft:dark_oak_fence":7,"minecraft:bricks":1,"minecraft:crimson_roots":2,"minecraft:diamond_pickaxe":8,"minecraft:crafting_table":14,"minecraft:azure_bluet":1,"minecraft:chicken":8,"minecraft:nether_wart":12,"minecraft:shield":1,"minecraft:iron_axe":2,"minecraft:flint_and_steel":1,"minecraft:blackstone":6,"minecraft:beef":11,"minecraft:poppy":11,"minecraft:lectern":2,"minecraft:sugar_cane":23,"minecraft:egg":5,"minecraft:raw_iron":162,"minecraft:sandstone":15,"minecraft:oak_door":2,"minecraft:copper_ingot":115,"sophisticatedbackpacks:backpack":1,"create:hand_crank":5,"minecraft:carrot":116,"minecraft:redstone":27,"minecraft:stone_pressure_plate":1,"minecraft:dark_oak_planks":11,"minecraft:arrow":39,"minecraft:weeping_vines":26,"minecraft:stone_shovel":4,"minecraft:beetroot_seeds":1,"minecraft:nether_bricks":45,"cgm:assault_rifle":8,"minecraft:diamond_boots":1,"minecraft:hay_block":108,"minecraft:yellow_terracotta":1,"minecraft:saddle":1,"minecraft:gold_ingot":28,"minecraft:mutton":16,"minecraft:white_wool":11,"create:iron_sheet":4,"minecraft:glow_ink_sac":36,"minecraft:crimson_stem":33,"minecraft:salmon":8,"minecraft:cut_sandstone":2,"minecraft:leather":22,"minecraft:red_mushroom":4,"minecraft:oak_log":632,"minecraft:ancient_debris":10,"minecraft:golden_boots":3,"minecraft:nether_wart_block":28,"minecraft:gunpowder":88,"minecraft:cooked_mutton":1,"minecraft:smooth_sandstone":20,"minecraft:apple":11,"minecraft:warped_stem":1,"minecraft:rabbit_hide":5,"minecraft:iron_ingot":172,"minecraft:flowering_azalea":2,"minecraft:soul_sand":16,"minecraft:book":90,"minecraft:dark_oak_slab":1,"minecraft:quartz":125,"minecraft:raw_iron_block":1,"minecraft:gravel":19,"minecraft:blast_furnace":1,"minecraft:spider_eye":2,"minecraft:diamond_shovel":1,"minecraft:stone_axe":1,"create:encased_fan":5,"minecraft:diamond_axe":2,"minecraft:gray_wool":1,"minecraft:warped_roots":4,"minecraft:terracotta":70,"minecraft:black_wool":1,"cgm:workbench":1,"minecraft:coal":35,"minecraft:ender_pearl":4},"minecraft:killed_by":{"minecraft:creeper":1,"minecraft:piglin":1,"minecraft:blaze":1,"minecraft:zombie":1,"minecraft:player":7,"minecraft:hoglin":2,"minecraft:skeleton":5},"minecraft:killed":{"minecraft:zombified_piglin":1,"minecraft:spider":11,"minecraft:skeleton":29,"minecraft:chicken":8,"minecraft:silverfish":8,"minecraft:tropical_fish":8,"minecraft:cat":2,"minecraft:piglin":50,"minecraft:pig":6,"minecraft:salmon":9,"minecraft:iron_golem":4,"minecraft:creeper":31,"minecraft:sheep":11,"minecraft:trader_llama":2,"minecraft:pillager":10,"minecraft:zombie":20,"minecraft:ghast":1,"minecraft:cow":5,"minecraft:blaze":18,"minecraft:horse":7,"minecraft:drowned":2,"minecraft:husk":2,"minecraft:rabbit":9,"minecraft:bat":1,"minecraft:wandering_trader":1,"minecraft:hoglin":17,"minecraft:villager":1,"minecraft:enderman":2},"minecraft:broken":{"minecraft:golden_sword":1,"minecraft:shield":1,"minecraft:iron_pickaxe":2},"minecraft:crafted":{"minecraft:light_gray_concrete_powder":8,"minecraft:oak_planks":800,"minecraft:blaze_powder":22,"minecraft:cooked_chicken":1,"minecraft:bookshelf":26,"minecraft:cooked_mutton":5,"minecraft:warped_planks":4,"minecraft:dark_oak_door":3,"minecraft:diamond_helmet":1,"minecraft:bow":1,"minecraft:diamond_leggings":1,"create:mechanical_press":1,"minecraft:chest":2,"minecraft:stone_hoe":1,"minecraft:ender_eye":3,"minecraft:golden_boots":3,"minecraft:cooked_porkchop":4,"minecraft:diamond_axe":2,"minecraft:crafting_table":9,"minecraft:wooden_pickaxe":1,"minecraft:copper_ingot":135,"minecraft:brewing_stand":1,"create:encased_fan":1,"minecraft:diamond_pickaxe":2,"minecraft:shield":3,"minecraft:stick":60,"minecraft:iron_ingot":152,"minecraft:iron_pickaxe":3,"minecraft:iron_block":2,"minecraft:gold_ingot":16,"create:propeller":1,"minecraft:light_gray_dye":1,"minecraft:netherite_ingot":3,"minecraft:oak_door":3,"minecraft:raw_iron":9,"minecraft:stone_shovel":1,"minecraft:golden_chestplate":1,"minecraft:iron_nugget":27,"minecraft:furnace":3,"minecraft:iron_axe":2,"minecraft:iron_hoe":1,"minecraft:stone_pickaxe":1,"minecraft:diamond_boots":2,"minecraft:netherite_scrap":19,"minecraft:dark_oak_planks":52,"cgm:workbench":1,"minecraft:wheat":972,"minecraft:cooked_beef":2,"minecraft:crimson_planks":60,"create:andesite_alloy":13,"create:hand_crank":1,"minecraft:diamond_sword":1,"minecraft:enchanting_table":1,"minecraft:iron_sword":1,"minecraft:bucket":3,"minecraft:stone_axe":1,"minecraft:enchanted_book":1,"minecraft:air":0,"minecraft:bread":348,"minecraft:blue_dye":1,"create:shaft":8,"minecraft:torch":20,"minecraft:diamond_chestplate":1}},"DataVersion":2975}