{"stats":{"minecraft:crafted":{"minecraft:light_gray_concrete_powder":8,"minecraft:oak_planks":536,"minecraft:cooked_chicken":1,"minecraft:bookshelf":26,"minecraft:cooked_mutton":5,"minecraft:dark_oak_door":3,"minecraft:diamond_helmet":1,"minecraft:diamond_leggings":1,"create:mechanical_press":1,"minecraft:chest":2,"minecraft:stone_hoe":1,"minecraft:cooked_porkchop":4,"minecraft:diamond_axe":2,"minecraft:crafting_table":4,"minecraft:wooden_pickaxe":1,"minecraft:copper_ingot":93,"create:encased_fan":1,"minecraft:diamond_pickaxe":1,"minecraft:shield":1,"minecraft:stick":36,"minecraft:iron_ingot":152,"minecraft:iron_pickaxe":1,"minecraft:iron_block":2,"minecraft:gold_ingot":5,"create:propeller":1,"minecraft:light_gray_dye":1,"minecraft:oak_door":3,"minecraft:raw_iron":9,"minecraft:stone_shovel":1,"minecraft:iron_nugget":27,"minecraft:furnace":3,"minecraft:iron_hoe":1,"minecraft:stone_pickaxe":1,"minecraft:diamond_boots":2,"minecraft:dark_oak_planks":52,"cgm:workbench":1,"minecraft:wheat":792,"minecraft:cooked_beef":2,"create:andesite_alloy":13,"create:hand_crank":1,"minecraft:diamond_sword":1,"minecraft:enchanting_table":1,"minecraft:bucket":1,"minecraft:stone_axe":1,"minecraft:air":0,"minecraft:bread":199,"minecraft:blue_dye":1,"create:shaft":8,"minecraft:torch":20,"minecraft:diamond_chestplate":1},"minecraft:custom":{"minecraft:interact_with_crafting_table":51,"minecraft:leave_game":19,"minecraft:time_since_death":22118,"minecraft:sprint_one_cm":849244,"minecraft:damage_blocked_by_shield":3100,"minecraft:drop":160,"minecraft:play_time":466919,"minecraft:deaths":6,"minecraft:jump":8325,"minecraft:walk_on_water_one_cm":97839,"minecraft:enchant_item":14,"minecraft:interact_with_furnace":98,"minecraft:sleep_in_bed":15,"minecraft:damage_dealt":11316,"minecraft:player_kills":2,"minecraft:crouch_one_cm":39457,"minecraft:interact_with_smoker":1,"minecraft:horse_one_cm":6908,"minecraft:mob_kills":108,"minecraft:damage_dealt_resisted":328,"minecraft:climb_one_cm":1104,"minecraft:walk_one_cm":834114,"minecraft:sneak_time":14966,"minecraft:walk_under_water_one_cm":76373,"minecraft:total_world_time":466919,"minecraft:time_since_rest":12537,"minecraft:damage_taken":7185,"minecraft:swim_one_cm":164629,"minecraft:fly_one_cm":1956237,"minecraft:open_chest":76,"minecraft:fall_one_cm":257315},"minecraft:mined":{"create:deepslate_zinc_ore":12,"minecraft:stone_pressure_plate":1,"minecraft:fire_coral_wall_fan":3,"create:andesite_casing":2,"minecraft:obsidian":11,"minecraft:granite":3,"minecraft:red_sand":1,"minecraft:grass_block":110,"minecraft:spawner":1,"minecraft:tall_seagrass":7,"minecraft:raw_iron_block":1,"minecraft:iron_ore":61,"minecraft:cobbled_deepslate":4,"minecraft:deepslate_lapis_ore":14,"minecraft:azure_bluet":1,"minecraft:enchanting_table":1,"minecraft:flowering_azalea_leaves":1,"minecraft:light_gray_concrete":5,"minecraft:azalea_leaves":6,"minecraft:iron_block":2,"create:mechanical_press":3,"create:limestone":4,"minecraft:deepslate_redstone_ore":5,"minecraft:cut_sandstone":4,"minecraft:torch":2,"minecraft:dead_bush":34,"minecraft:cyan_bed":8,"minecraft:sugar_cane":15,"minecraft:oak_planks":12,"minecraft:iron_door":10,"minecraft:wall_torch":1,"minecraft:seagrass":1,"minecraft:dark_oak_slab":1,"minecraft:dark_oak_door":3,"minecraft:wheat":11,"minecraft:tnt":9,"minecraft:grass":67,"minecraft:oak_log":437,"minecraft:beetroots":1,"create:hand_crank":2,"minecraft:sand":23,"minecraft:dirt":24,"create:crimsite":3,"minecraft:oak_leaves":49,"minecraft:deepslate":338,"create:zinc_ore":12,"minecraft:tuff":75,"minecraft:deepslate_diamond_ore":22,"minecraft:dark_oak_log":11,"minecraft:dark_oak_fence":12,"minecraft:tube_coral_wall_fan":2,"create:encased_fan":5,"minecraft:horn_coral_wall_fan":2,"minecraft:sandstone":21,"cgm:workbench":1,"minecraft:hay_block":90,"minecraft:furnace":11,"minecraft:carrots":16,"minecraft:andesite":62,"minecraft:bookshelf":29,"minecraft:deepslate_iron_ore":75,"minecraft:stone":186,"minecraft:smooth_sandstone":20,"minecraft:crafting_table":13,"minecraft:light_gray_concrete_powder":2,"minecraft:lectern":1,"minecraft:tall_grass":15,"minecraft:copper_ore":29,"minecraft:deepslate_gold_ore":20,"minecraft:diorite":7,"minecraft:sea_pickle":2,"minecraft:birch_leaves":1,"minecraft:coal_ore":35,"minecraft:bubble_coral_wall_fan":3,"minecraft:gravel":17,"minecraft:cobweb":16,"minecraft:cracked_stone_bricks":3,"minecraft:terracotta":72,"minecraft:stone_bricks":3,"minecraft:mossy_stone_bricks":2,"minecraft:gold_ore":4},"minecraft:killed_by":{"minecraft:player":3,"minecraft:skeleton":1},"minecraft:used":{"minecraft:chest":2,"minecraft:shield":78,"minecraft:carrot":12,"minecraft:tuff":64,"minecraft:lava_bucket":1,"minecraft:furnace":14,"minecraft:potato":2,"cgm:heavy_rifle":13,"minecraft:mossy_stone_bricks":2,"minecraft:diorite":2,"minecraft:diamond_boots":2,"minecraft:stone_pickaxe":49,"minecraft:oak_planks":338,"create:crimsite":3,"minecraft:ender_pearl":1,"minecraft:wooden_pickaxe":29,"minecraft:sandstone":8,"minecraft:diamond_axe":541,"minecraft:crossbow":4,"minecraft:dark_oak_log":2,"minecraft:cyan_bed":8,"minecraft:bread":128,"cgm:assault_rifle":129,"minecraft:diamond_sword":137,"minecraft:experience_bottle":2,"create:limestone":4,"minecraft:enchanting_table":2,"minecraft:tropical_fish":6,"minecraft:stone_shovel":11,"minecraft:oak_door":4,"minecraft:torch":15,"minecraft:dirt":23,"cgm:workbench":2,"minecraft:diamond_helmet":2,"minecraft:iron_hoe":45,"minecraft:bookshelf":26,"minecraft:iron_block":2,"minecraft:cooked_beef":2,"minecraft:cobbled_deepslate":142,"minecraft:cooked_mutton":3,"minecraft:water_bucket":37,"minecraft:rabbit":2,"cgm:pistol":162,"minecraft:cut_sandstone":2,"minecraft:salmon":1,"create:encased_fan":5,"minecraft:crafting_table":16,"minecraft:light_gray_concrete_powder":7,"minecraft:dark_oak_door":3,"minecraft:oak_log":144,"minecraft:diamond_pickaxe":860,"minecraft:diamond_shovel":131,"create:mechanical_press":3,"minecraft:chicken":1,"minecraft:iron_pickaxe":251,"minecraft:stone_axe":49,"minecraft:cobblestone":8,"minecraft:bucket":38,"minecraft:sea_pickle":2,"create:hand_crank":5,"minecraft:diamond_leggings":3},"minecraft:broken":{"minecraft:shield":1,"minecraft:iron_pickaxe":1},"minecraft:picked_up":{"minecraft:wooden_axe":2,"minecraft:wheat":9,"cgm:basic_bullet":486,"minecraft:diamond_sword":4,"minecraft:enchanted_book":1,"minecraft:string":24,"minecraft:raw_copper":109,"create:limestone":4,"minecraft:sea_pickle":4,"minecraft:diamond_leggings":4,"minecraft:red_sand":1,"create:mechanical_press":3,"minecraft:cobbled_deepslate":155,"minecraft:azalea":2,"minecraft:iron_pickaxe":1,"cgm:advanced_bullet":192,"minecraft:furnace":11,"minecraft:dark_oak_door":3,"minecraft:stick":56,"minecraft:torch":10,"create:andesite_casing":2,"minecraft:diorite":4,"minecraft:rotten_flesh":19,"minecraft:tropical_fish":6,"minecraft:iron_block":2,"minecraft:obsidian":11,"minecraft:iron_bars":2,"minecraft:cobblestone":557,"minecraft:nautilus_shell":1,"minecraft:enchanting_table":1,"minecraft:feather":1,"minecraft:iron_door":7,"minecraft:andesite":60,"minecraft:potato":3,"minecraft:flint":3,"minecraft:tuff":62,"create:raw_zinc":22,"cgm:heavy_rifle":2,"minecraft:lapis_lazuli":140,"minecraft:dirt":131,"minecraft:light_gray_concrete_powder":2,"minecraft:bone":24,"minecraft:bow":1,"minecraft:wheat_seeds":29,"minecraft:raw_gold":24,"minecraft:rabbit":2,"minecraft:diamond_helmet":5,"minecraft:mossy_stone_bricks":2,"minecraft:oak_planks":12,"minecraft:sand":20,"sophisticatedbackpacks:iron_backpack":5,"minecraft:cyan_bed":8,"minecraft:dark_oak_log":9,"cgm:pistol":3,"minecraft:light_gray_concrete":5,"create:crimsite":3,"minecraft:diamond":60,"minecraft:crossbow":3,"minecraft:granite":3,"minecraft:golden_apple":1,"minecraft:bread":28,"minecraft:oak_sapling":15,"minecraft:dark_oak_fence":7,"minecraft:diamond_pickaxe":5,"minecraft:crafting_table":13,"minecraft:azure_bluet":1,"minecraft:chicken":1,"minecraft:beef":8,"minecraft:poppy":11,"minecraft:lectern":1,"minecraft:sugar_cane":23,"minecraft:egg":1,"minecraft:raw_iron":154,"minecraft:sandstone":14,"minecraft:oak_door":2,"minecraft:copper_ingot":104,"create:hand_crank":5,"minecraft:carrot":51,"minecraft:redstone":23,"minecraft:stone_pressure_plate":1,"minecraft:dark_oak_planks":11,"minecraft:arrow":17,"minecraft:stone_shovel":4,"minecraft:beetroot_seeds":1,"cgm:assault_rifle":3,"minecraft:hay_block":88,"minecraft:mutton":12,"minecraft:white_wool":8,"create:iron_sheet":4,"minecraft:glow_ink_sac":32,"minecraft:salmon":1,"minecraft:cut_sandstone":2,"minecraft:leather":8,"minecraft:oak_log":434,"minecraft:gunpowder":49,"minecraft:cooked_mutton":1,"minecraft:smooth_sandstone":20,"minecraft:apple":5,"minecraft:rabbit_hide":3,"minecraft:iron_ingot":30,"minecraft:flowering_azalea":2,"minecraft:book":87,"minecraft:dark_oak_slab":1,"minecraft:raw_iron_block":1,"minecraft:gravel":14,"minecraft:diamond_shovel":1,"minecraft:stone_axe":1,"create:encased_fan":5,"minecraft:diamond_axe":2,"minecraft:terracotta":70,"minecraft:black_wool":1,"minecraft:coal":35,"cgm:workbench":1,"minecraft:ender_pearl":1},"minecraft:killed":{"minecraft:spider":4,"minecraft:skeleton":15,"minecraft:chicken":1,"minecraft:silverfish":8,"minecraft:tropical_fish":8,"minecraft:cat":2,"minecraft:pig":1,"minecraft:salmon":1,"minecraft:iron_golem":4,"minecraft:creeper":14,"minecraft:sheep":6,"minecraft:pillager":10,"minecraft:zombie":11,"minecraft:cow":4,"minecraft:horse":5,"minecraft:drowned":1,"minecraft:husk":2,"minecraft:rabbit":6,"minecraft:villager":1,"minecraft:enderman":1},"minecraft:dropped":{"minecraft:diamond":3,"minecraft:dark_oak_fence":7,"minecraft:iron_pickaxe":1,"minecraft:gravel":10,"minecraft:dark_oak_door":3,"minecraft:stone_axe":1,"minecraft:sugar_cane":3,"minecraft:cobbled_deepslate":12,"minecraft:rotten_flesh":5,"minecraft:oak_planks":11,"minecraft:cooked_mutton":1,"minecraft:poppy":2,"minecraft:rabbit_hide":3,"minecraft:beetroot_seeds":1,"minecraft:iron_bars":2,"minecraft:lectern":1,"minecraft:stone_hoe":1,"minecraft:enchanted_book":2,"minecraft:iron_ingot":16,"minecraft:bread":1,"minecraft:diorite":2,"minecraft:green_dye":1,"minecraft:iron_door":7,"minecraft:diamond_helmet":1,"minecraft:cactus":7,"minecraft:string":1,"minecraft:smooth_sandstone":20,"cgm:advanced_bullet":96,"minecraft:raw_copper":16,"minecraft:stone_shovel":1,"minecraft:clay_ball":1,"minecraft:diamond_pickaxe":1,"minecraft:stone_pressure_plate":1,"minecraft:sandstone":1,"minecraft:red_sand":1,"minecraft:bow":1,"minecraft:wooden_pickaxe":1,"minecraft:nautilus_shell":1,"minecraft:terracotta":6}},"DataVersion":2975}