{"stats":{"minecraft:custom":{"minecraft:interact_with_crafting_table":145,"minecraft:bell_ring":13,"minecraft:leave_game":30,"minecraft:time_since_death":64596,"minecraft:sprint_one_cm":1951007,"minecraft:damage_blocked_by_shield":2185,"minecraft:drop":126,"minecraft:talked_to_villager":138,"minecraft:play_time":825955,"minecraft:deaths":13,"minecraft:jump":13994,"minecraft:walk_on_water_one_cm":74818,"minecraft:enchant_item":6,"minecraft:interact_with_furnace":197,"minecraft:traded_with_villager":58,"minecraft:interact_with_cartography_table":1,"minecraft:sleep_in_bed":22,"minecraft:damage_dealt":16235,"minecraft:player_kills":3,"minecraft:crouch_one_cm":43342,"minecraft:interact_with_smoker":1,"minecraft:interact_with_smithing_table":4,"minecraft:interact_with_anvil":16,"minecraft:mob_kills":197,"minecraft:climb_one_cm":2710,"minecraft:walk_one_cm":2018554,"minecraft:sneak_time":15123,"minecraft:walk_under_water_one_cm":55962,"minecraft:boat_one_cm":3295,"minecraft:interact_with_blast_furnace":1,"minecraft:total_world_time":825955,"minecraft:raid_trigger":1,"minecraft:time_since_rest":10247,"minecraft:damage_taken":9947,"minecraft:swim_one_cm":130795,"minecraft:fly_one_cm":2864055,"minecraft:open_chest":168,"minecraft:fall_one_cm":358024},"minecraft:used":{"minecraft:red_sand":1,"minecraft:chest":11,"minecraft:shield":58,"minecraft:rotten_flesh":2,"create:white_sail":25,"create:cogwheel":21,"minecraft:carrot":1,"create:depot":1,"minecraft:acacia_sapling":6,"minecraft:tuff":60,"minecraft:obsidian":2,"minecraft:lava_bucket":8,"create:millstone":2,"create:andesite_funnel":5,"minecraft:hay_block":11,"create:shaft":26,"minecraft:oak_sapling":104,"minecraft:furnace":5,"create:mechanical_drill":5,"minecraft:egg":3,"minecraft:potato":10,"cgm:heavy_rifle":237,"minecraft:diorite":18,"minecraft:diamond_boots":1,"minecraft:oak_planks":141,"minecraft:stone_pickaxe":131,"minecraft:blackstone":14,"minecraft:wooden_pickaxe":13,"minecraft:sandstone":18,"minecraft:composter":5,"minecraft:diamond_axe":43,"create:mechanical_saw":9,"minecraft:sand":58,"minecraft:acacia_leaves":2,"minecraft:crossbow":1,"minecraft:shears":2,"minecraft:bread":184,"minecraft:cyan_bed":6,"minecraft:lectern":15,"minecraft:iron_door":1,"minecraft:gravel":19,"minecraft:nether_wart_block":3,"minecraft:diamond_sword":81,"minecraft:smithing_table":35,"minecraft:andesite":29,"create:vertical_gearbox":3,"minecraft:oak_boat":2,"minecraft:bone_meal":9,"create:large_cogwheel":4,"minecraft:experience_bottle":1,"minecraft:enchanting_table":1,"minecraft:stone_sword":113,"minecraft:acacia_log":11,"minecraft:stone_shovel":19,"minecraft:wooden_shovel":118,"minecraft:cooked_salmon":17,"minecraft:netherrack":386,"minecraft:torch":811,"minecraft:dirt":135,"minecraft:anvil":1,"minecraft:diamond_helmet":1,"minecraft:golden_shovel":33,"minecraft:granite":16,"minecraft:iron_hoe":51,"minecraft:dark_oak_planks":2,"minecraft:wooden_axe":62,"minecraft:bookshelf":16,"create:wrench":76,"minecraft:iron_axe":63,"minecraft:diamond_chestplate":1,"minecraft:cobbled_deepslate":198,"minecraft:pumpkin":3,"create:belt_connector":12,"minecraft:cooked_mutton":1,"minecraft:water_bucket":65,"minecraft:acacia_boat":1,"minecraft:fletching_table":7,"minecraft:cracked_stone_bricks":4,"create:encased_fan":2,"minecraft:crafting_table":39,"create:mechanical_harvester":3,"create:filter":3,"minecraft:oak_log":89,"minecraft:diamond_pickaxe":2474,"minecraft:apple":6,"minecraft:diamond_shovel":253,"create:mechanical_press":2,"create:windmill_bearing":2,"minecraft:iron_pickaxe":1103,"minecraft:netherite_axe":64,"create:large_water_wheel":3,"minecraft:stone_axe":438,"minecraft:cobblestone":381,"minecraft:porkchop":1,"minecraft:white_banner":2,"minecraft:cooked_porkchop":1,"minecraft:bucket":75,"create:hand_crank":3,"minecraft:kelp":21,"minecraft:diamond_leggings":1},"minecraft:mined":{"minecraft:dark_oak_planks":2,"create:deepslate_zinc_ore":8,"minecraft:oak_sapling":4,"create:andesite_casing":8,"minecraft:obsidian":3,"minecraft:granite":48,"minecraft:red_sand":1,"minecraft:acacia_log":127,"minecraft:grass_block":90,"minecraft:composter":7,"create:belt":1,"minecraft:spawner":1,"minecraft:weeping_vines_plant":2,"minecraft:tall_seagrass":3,"minecraft:magma_block":4,"minecraft:fire":12,"minecraft:iron_ore":346,"minecraft:cobbled_deepslate":23,"minecraft:pumpkin":3,"minecraft:deepslate_lapis_ore":10,"minecraft:fletching_table":6,"minecraft:enchanting_table":1,"create:asurine":3,"minecraft:flowering_azalea_leaves":2,"minecraft:dirt_path":1,"minecraft:green_carpet":2,"minecraft:azalea_leaves":8,"create:limestone":3,"minecraft:deepslate_redstone_ore":18,"create:cogwheel":9,"minecraft:cut_sandstone":3,"minecraft:blackstone":31,"minecraft:kelp_plant":8,"minecraft:crimson_nylium":10,"minecraft:orange_terracotta":5,"minecraft:torch":15,"minecraft:light_gray_terracotta":2,"minecraft:poppy":4,"minecraft:chest":3,"minecraft:nether_quartz_ore":285,"minecraft:cobblestone":35,"minecraft:oak_planks":29,"minecraft:sugar_cane":4,"minecraft:cyan_bed":7,"minecraft:iron_door":1,"minecraft:wall_torch":26,"minecraft:seagrass":3,"minecraft:white_terracotta":1,"minecraft:nether_wart_block":4,"minecraft:warped_fungus":1,"minecraft:grass":142,"minecraft:oak_log":131,"minecraft:sand":184,"minecraft:dirt":134,"minecraft:netherrack":674,"minecraft:ancient_debris":19,"create:crimsite":9,"minecraft:oak_leaves":35,"minecraft:deepslate":299,"minecraft:yellow_terracotta":1,"create:zinc_ore":6,"minecraft:nether_gold_ore":8,"minecraft:tuff":62,"create:millstone":1,"minecraft:deepslate_diamond_ore":149,"minecraft:oak_door":1,"minecraft:dark_oak_log":16,"minecraft:dark_oak_fence":9,"create:large_cogwheel":1,"create:encased_fan":1,"minecraft:kelp":8,"minecraft:sandstone":51,"minecraft:hay_block":155,"create:shaft":7,"minecraft:furnace":5,"minecraft:andesite":176,"minecraft:bookshelf":33,"minecraft:deepslate_iron_ore":96,"minecraft:stripped_oak_log":4,"minecraft:stone":711,"minecraft:smithing_table":34,"minecraft:acacia_leaves":11,"minecraft:infested_stone_bricks":1,"minecraft:dandelion":2,"minecraft:oak_fence":2,"minecraft:smooth_sandstone":7,"minecraft:crafting_table":38,"minecraft:lectern":14,"minecraft:copper_ore":15,"minecraft:tall_grass":19,"minecraft:lapis_ore":10,"minecraft:deepslate_gold_ore":6,"minecraft:diorite":38,"create:mechanical_saw":1,"minecraft:cactus":5,"minecraft:red_terracotta":6,"create:mechanical_drill":3,"minecraft:coal_ore":392,"minecraft:gravel":31,"minecraft:cobweb":4,"minecraft:brown_terracotta":1,"minecraft:cracked_stone_bricks":3,"minecraft:terracotta":20,"minecraft:stone_bricks":9,"create:andesite_funnel":2,"minecraft:mossy_stone_bricks":3,"minecraft:gold_ore":40},"minecraft:dropped":{"sophisticatedbackpacks:iron_backpack":1,"minecraft:diamond_axe":1,"minecraft:oak_log":8,"minecraft:diamond":35,"minecraft:dirt":18,"minecraft:dark_oak_log":21,"minecraft:dark_oak_fence":8,"minecraft:bone_meal":1,"minecraft:sand":5,"minecraft:iron_pickaxe":1,"minecraft:gold_ingot":35,"minecraft:bone":8,"minecraft:gravel":2,"minecraft:ancient_debris":10,"minecraft:cobbled_deepslate":88,"minecraft:wheat":114,"minecraft:rotten_flesh":15,"minecraft:poppy":2,"minecraft:arrow":11,"minecraft:enchanting_table":1,"minecraft:iron_ingot":104,"minecraft:golden_boots":1,"minecraft:wheat_seeds":10,"minecraft:granite":13,"minecraft:copper_ingot":22,"minecraft:grass_block":2,"minecraft:golden_apple":1,"minecraft:stick":13,"minecraft:green_carpet":2,"minecraft:iron_leggings":1,"minecraft:iron_axe":1,"minecraft:string":10,"minecraft:light_gray_terracotta":1,"minecraft:raw_iron":1,"minecraft:flint_and_steel":1,"minecraft:diamond_pickaxe":1,"minecraft:andesite":5,"minecraft:mossy_stone_bricks":2,"minecraft:spider_eye":1,"minecraft:diamond_boots":1,"minecraft:sandstone":11,"minecraft:terracotta":17},"minecraft:picked_up":{"minecraft:wheat":129,"cgm:basic_bullet":64,"minecraft:diamond_sword":1,"minecraft:smithing_table":34,"minecraft:lead":5,"create:wrench":1,"minecraft:enchanted_book":2,"minecraft:golden_shovel":1,"minecraft:string":22,"minecraft:raw_copper":57,"minecraft:netherite_ingot":2,"create:andesite_funnel":2,"minecraft:diamond_leggings":5,"minecraft:red_sand":1,"minecraft:gold_nugget":39,"minecraft:cobbled_deepslate":344,"minecraft:iron_pickaxe":5,"cgm:advanced_bullet":651,"minecraft:furnace":6,"minecraft:stick":83,"minecraft:composter":9,"minecraft:brown_terracotta":1,"minecraft:oak_fence":2,"minecraft:torch":345,"minecraft:acacia_log":157,"create:andesite_casing":8,"minecraft:porkchop":24,"minecraft:diorite":56,"create:large_cogwheel":1,"minecraft:stone_sword":1,"minecraft:cactus":5,"minecraft:rotten_flesh":70,"create:asurine":3,"minecraft:white_terracotta":2,"minecraft:obsidian":4,"minecraft:cobblestone":956,"minecraft:enchanting_table":2,"minecraft:magma_block":5,"minecraft:iron_door":1,"minecraft:water_bucket":1,"minecraft:andesite":188,"minecraft:acacia_leaves":2,"minecraft:potato":9,"create:belt_connector":1,"minecraft:flint":6,"minecraft:tuff":61,"create:raw_zinc":14,"cgm:heavy_rifle":7,"minecraft:acacia_boat":1,"minecraft:lapis_lazuli":333,"minecraft:dirt":278,"minecraft:bone":47,"minecraft:wheat_seeds":19,"create:mechanical_drill":2,"minecraft:raw_gold":49,"minecraft:netherite_axe":1,"create:shaft":8,"minecraft:mossy_stone_bricks":2,"minecraft:rabbit":3,"minecraft:fletching_table":6,"minecraft:diamond_helmet":5,"minecraft:oak_planks":72,"minecraft:cooked_porkchop":14,"create:cogwheel":9,"minecraft:sand":281,"sophisticatedbackpacks:iron_backpack":3,"minecraft:grass_block":2,"minecraft:cyan_bed":8,"minecraft:dark_oak_log":36,"minecraft:red_terracotta":12,"minecraft:iron_hoe":2,"minecraft:light_gray_terracotta":2,"minecraft:diamond":152,"minecraft:crossbow":1,"minecraft:granite":48,"minecraft:grass":2,"minecraft:bone_meal":2,"minecraft:golden_apple":1,"minecraft:emerald":27,"minecraft:bread":272,"minecraft:oak_sapling":40,"minecraft:netherrack":695,"minecraft:dark_oak_fence":16,"minecraft:crimson_roots":3,"minecraft:diamond_pickaxe":6,"minecraft:charcoal":3,"minecraft:crafting_table":46,"minecraft:chicken":2,"minecraft:iron_axe":3,"minecraft:flint_and_steel":2,"minecraft:blackstone":31,"minecraft:cracked_stone_bricks":4,"minecraft:beef":7,"minecraft:oak_boat":1,"minecraft:poppy":5,"minecraft:lectern":15,"minecraft:chest":4,"minecraft:sugar_cane":15,"minecraft:egg":5,"minecraft:raw_iron":528,"minecraft:sandstone":51,"minecraft:oak_door":1,"create:golden_sheet":3,"minecraft:copper_ingot":11,"sophisticatedbackpacks:backpack":3,"create:hand_crank":1,"minecraft:carrot":1,"minecraft:redstone":159,"minecraft:stone_pressure_plate":1,"create:zinc_ingot":8,"minecraft:dark_oak_planks":3,"minecraft:tnt":9,"minecraft:stone_shovel":11,"minecraft:arrow":42,"minecraft:diamond_chestplate":4,"minecraft:shears":2,"minecraft:diamond_boots":4,"minecraft:hay_block":167,"minecraft:yellow_terracotta":1,"minecraft:gold_ingot":7,"minecraft:rail":12,"minecraft:white_wool":14,"minecraft:stripped_oak_log":4,"create:iron_sheet":1,"minecraft:clock":1,"minecraft:glow_ink_sac":1,"minecraft:salmon":17,"minecraft:cut_sandstone":5,"minecraft:leather":9,"create:andesite_alloy":28,"minecraft:oak_log":166,"minecraft:ancient_debris":19,"minecraft:golden_boots":4,"minecraft:nether_wart_block":4,"minecraft:gunpowder":38,"minecraft:white_banner":2,"minecraft:orange_terracotta":5,"minecraft:smooth_sandstone":7,"minecraft:apple":5,"minecraft:stone_bricks":11,"minecraft:kelp":53,"minecraft:rabbit_hide":2,"minecraft:iron_ingot":47,"minecraft:stone_pickaxe":1,"minecraft:acacia_sapling":21,"create:mechanical_saw":1,"sophisticatedbackpacks:diamond_backpack":2,"minecraft:green_dye":2,"minecraft:book":99,"minecraft:warped_fungus":1,"create:large_water_wheel":8,"minecraft:pumpkin":6,"minecraft:quartz":285,"minecraft:dandelion":2,"minecraft:gravel":25,"minecraft:green_carpet":2,"minecraft:spider_eye":4,"create:wheat_flour":14,"create:millstone":1,"minecraft:diamond_shovel":7,"minecraft:slime_ball":8,"minecraft:stone_axe":6,"create:encased_fan":1,"minecraft:diamond_axe":2,"minecraft:gray_wool":1,"minecraft:terracotta":23,"minecraft:coal":492,"minecraft:ender_pearl":1},"minecraft:killed_by":{"minecraft:creeper":3,"minecraft:drowned":1,"minecraft:player":4,"minecraft:enderman":1,"minecraft:skeleton":1},"minecraft:killed":{"minecraft:spider":10,"minecraft:skeleton":28,"minecraft:chicken":2,"minecraft:silverfish":4,"minecraft:piglin":1,"minecraft:pig":5,"minecraft:salmon":18,"minecraft:iron_golem":6,"minecraft:strider":1,"minecraft:creeper":20,"minecraft:trader_llama":4,"minecraft:pillager":7,"minecraft:zombie":48,"minecraft:cow":3,"minecraft:slime":15,"minecraft:drowned":2,"minecraft:husk":3,"minecraft:rabbit":3,"minecraft:bat":1,"minecraft:wandering_trader":2,"minecraft:hoglin":8,"minecraft:villager":1,"minecraft:enderman":3},"minecraft:broken":{"minecraft:wooden_shovel":2,"minecraft:golden_shovel":1,"minecraft:stone_pickaxe":1,"minecraft:stone_axe":3,"minecraft:stone_sword":1,"minecraft:iron_pickaxe":3},"minecraft:crafted":{"minecraft:oak_planks":1084,"create:mechanical_harvester":3,"minecraft:diamond_shovel":2,"minecraft:bookshelf":16,"minecraft:cooked_mutton":1,"minecraft:green_dye":5,"create:vertical_gearbox":2,"create:andesite_funnel":2,"minecraft:diamond_helmet":2,"minecraft:diamond_leggings":2,"create:mechanical_press":1,"minecraft:chest":9,"create:cogwheel":16,"minecraft:oak_slab":6,"create:depot":1,"minecraft:wooden_shovel":2,"minecraft:emerald":47,"minecraft:cooked_porkchop":15,"minecraft:diamond_axe":2,"minecraft:crafting_table":5,"create:mechanical_saw":7,"minecraft:wooden_pickaxe":1,"minecraft:iron_helmet":1,"minecraft:smithing_table":1,"minecraft:copper_ingot":51,"minecraft:fletching_table":1,"minecraft:diamond_pickaxe":2,"minecraft:charcoal":8,"create:water_wheel":8,"minecraft:shield":2,"create:super_glue":1,"sophisticatedbackpacks:diamond_backpack":1,"minecraft:stick":2244,"minecraft:iron_ingot":427,"minecraft:iron_pickaxe":4,"minecraft:iron_block":4,"minecraft:stone_sword":1,"minecraft:gold_ingot":57,"create:large_cogwheel":3,"minecraft:netherite_ingot":1,"minecraft:shears":1,"minecraft:stone_shovel":3,"create:wrench":1,"minecraft:iron_nugget":189,"create:white_sail":22,"minecraft:furnace":2,"minecraft:bone_meal":36,"minecraft:flint_and_steel":1,"minecraft:iron_axe":2,"minecraft:iron_hoe":1,"minecraft:slime_ball":2,"create:millstone":1,"minecraft:lime_dye":2,"minecraft:stone_pickaxe":1,"minecraft:diamond_boots":2,"minecraft:netherite_scrap":4,"create:belt_connector":5,"create:filter":1,"create:windmill_bearing":2,"minecraft:wheat":936,"create:andesite_alloy":86,"create:hand_crank":1,"minecraft:diamond_sword":3,"minecraft:dried_kelp":36,"create:dough":2,"create:large_water_wheel":8,"minecraft:cooked_salmon":17,"sophisticatedbackpacks:gold_backpack":1,"minecraft:bucket":3,"minecraft:stone_axe":5,"minecraft:enchanted_book":3,"minecraft:acacia_boat":1,"minecraft:bread":309,"minecraft:air":0,"minecraft:oak_boat":1,"minecraft:golden_apple":1,"minecraft:white_dye":14,"minecraft:wooden_axe":2,"minecraft:iron_leggings":1,"minecraft:anvil":1,"create:mechanical_drill":4,"create:shaft":48,"minecraft:acacia_planks":448,"minecraft:torch":820,"create:zinc_ingot":8,"minecraft:diamond_chestplate":3}},"DataVersion":2975}