{"stats":{"minecraft:used":{"create:deployer":2,"minecraft:red_sand":1,"minecraft:oak_sign":2,"minecraft:chest":19,"minecraft:shield":58,"minecraft:rotten_flesh":2,"create:white_sail":35,"create:cogwheel":192,"minecraft:carrot":12,"create:depot":2,"minecraft:acacia_sapling":6,"minecraft:tuff":60,"minecraft:obsidian":2,"minecraft:lava_bucket":12,"minecraft:grass_block":1,"create:millstone":8,"create:andesite_funnel":18,"create:rotation_speed_controller":1,"minecraft:bow":11,"minecraft:hay_block":11,"create:shaft":182,"minecraft:oak_sapling":177,"minecraft:furnace":5,"create:mechanical_drill":8,"minecraft:egg":3,"minecraft:potato":10,"cgm:heavy_rifle":388,"minecraft:diorite":18,"minecraft:diamond_boots":1,"minecraft:oak_planks":151,"minecraft:stone_pickaxe":131,"minecraft:blackstone":14,"minecraft:sandstone":18,"minecraft:wooden_pickaxe":13,"minecraft:composter":5,"minecraft:sugar_cane":25,"minecraft:diamond_axe":43,"create:mechanical_saw":9,"minecraft:golden_apple":2,"minecraft:sand":75,"minecraft:acacia_leaves":2,"minecraft:crossbow":1,"minecraft:shears":2,"sophisticatedbackpacks:backpack":2,"minecraft:bread":199,"minecraft:cyan_bed":6,"minecraft:lectern":15,"minecraft:iron_door":1,"minecraft:gravel":23,"minecraft:nether_wart_block":3,"minecraft:diamond_sword":81,"create:basin":1,"minecraft:andesite":29,"minecraft:oak_fence":13,"create:vertical_gearbox":29,"minecraft:smithing_table":35,"minecraft:oak_boat":2,"minecraft:bone_meal":9,"create:large_cogwheel":96,"minecraft:experience_bottle":1,"minecraft:enchanting_table":1,"minecraft:stone_sword":113,"minecraft:acacia_log":11,"minecraft:flint_and_steel":1,"minecraft:stone_shovel":19,"minecraft:wooden_shovel":118,"minecraft:cooked_salmon":17,"minecraft:netherrack":499,"minecraft:torch":889,"minecraft:dirt":185,"minecraft:anvil":1,"create:mechanical_mixer":1,"minecraft:diamond_helmet":1,"minecraft:golden_shovel":33,"minecraft:granite":23,"minecraft:iron_hoe":51,"minecraft:dark_oak_planks":2,"minecraft:wooden_axe":62,"minecraft:bookshelf":20,"create:wrench":518,"create:gearbox":8,"minecraft:iron_axe":63,"minecraft:oak_stairs":4,"minecraft:diamond_chestplate":1,"minecraft:cooked_beef":2,"minecraft:cobbled_deepslate":198,"minecraft:pumpkin":3,"create:belt_connector":134,"minecraft:cooked_mutton":1,"minecraft:water_bucket":112,"minecraft:acacia_boat":1,"create:empty_blaze_burner":2,"minecraft:fletching_table":7,"minecraft:cobblestone_slab":2,"minecraft:cracked_stone_bricks":4,"create:blaze_burner":1,"create:encased_fan":7,"minecraft:crafting_table":43,"create:brass_funnel":4,"minecraft:oak_slab":2,"create:mechanical_harvester":7,"create:filter":10,"minecraft:oak_log":102,"minecraft:diamond_pickaxe":3138,"minecraft:apple":11,"minecraft:diamond_shovel":422,"create:mechanical_press":2,"create:windmill_bearing":3,"minecraft:iron_pickaxe":1103,"minecraft:netherite_axe":212,"create:large_water_wheel":15,"minecraft:stone_axe":438,"minecraft:cobblestone":411,"minecraft:porkchop":1,"minecraft:white_banner":4,"minecraft:cooked_porkchop":19,"minecraft:bucket":125,"create:elevator_pulley":1,"create:hand_crank":6,"minecraft:kelp":21,"minecraft:diamond_leggings":1},"minecraft:mined":{"minecraft:dark_oak_planks":2,"create:deepslate_zinc_ore":8,"minecraft:oak_sapling":9,"create:andesite_casing":8,"minecraft:obsidian":3,"minecraft:granite":48,"minecraft:red_sand":1,"minecraft:acacia_log":127,"minecraft:grass_block":151,"minecraft:composter":7,"create:belt":12,"minecraft:oxeye_daisy":1,"minecraft:spawner":1,"minecraft:weeping_vines_plant":2,"minecraft:tall_seagrass":3,"minecraft:magma_block":4,"minecraft:glowstone":9,"minecraft:iron_ore":346,"minecraft:fire":36,"minecraft:cobbled_deepslate":23,"minecraft:pumpkin":3,"minecraft:deepslate_lapis_ore":10,"minecraft:fletching_table":6,"minecraft:azure_bluet":1,"minecraft:enchanting_table":1,"create:asurine":3,"minecraft:flowering_azalea_leaves":2,"minecraft:dirt_path":1,"minecraft:oak_stairs":4,"minecraft:green_carpet":2,"minecraft:azalea_leaves":8,"create:limestone":3,"minecraft:deepslate_redstone_ore":18,"create:cogwheel":12,"minecraft:cut_sandstone":3,"minecraft:blackstone":33,"minecraft:kelp_plant":8,"minecraft:crimson_nylium":10,"minecraft:orange_terracotta":5,"minecraft:torch":18,"minecraft:light_gray_terracotta":2,"minecraft:poppy":5,"minecraft:chest":10,"minecraft:dead_bush":1,"minecraft:nether_quartz_ore":503,"minecraft:oak_planks":41,"minecraft:sugar_cane":30,"minecraft:cobblestone":48,"minecraft:cyan_bed":7,"minecraft:iron_door":1,"minecraft:wall_torch":28,"minecraft:seagrass":3,"minecraft:white_terracotta":1,"minecraft:warped_nylium":1,"minecraft:nether_wart_block":4,"minecraft:warped_fungus":1,"minecraft:grass":165,"minecraft:oak_log":134,"minecraft:sand":234,"minecraft:dirt":165,"minecraft:deepslate":299,"minecraft:ancient_debris":23,"minecraft:netherrack":1041,"create:crimsite":9,"minecraft:oak_leaves":35,"minecraft:yellow_terracotta":1,"create:zinc_ore":6,"minecraft:nether_gold_ore":8,"minecraft:tuff":62,"create:millstone":1,"minecraft:deepslate_diamond_ore":149,"minecraft:oak_door":1,"minecraft:dark_oak_log":16,"minecraft:nether_bricks":18,"minecraft:dark_oak_fence":9,"create:large_cogwheel":3,"create:encased_fan":1,"minecraft:kelp":8,"minecraft:sandstone":51,"minecraft:hay_block":155,"create:shaft":14,"minecraft:furnace":5,"minecraft:andesite":176,"minecraft:bookshelf":33,"minecraft:deepslate_iron_ore":96,"minecraft:stripped_oak_log":4,"minecraft:stone":715,"minecraft:smithing_table":34,"minecraft:oak_slab":1,"minecraft:acacia_leaves":12,"minecraft:infested_stone_bricks":1,"minecraft:dandelion":5,"minecraft:oak_fence":11,"minecraft:smooth_sandstone":7,"minecraft:crafting_table":42,"minecraft:lectern":14,"minecraft:copper_ore":15,"minecraft:tall_grass":19,"minecraft:lapis_ore":10,"minecraft:deepslate_gold_ore":6,"minecraft:diorite":42,"create:mechanical_saw":1,"create:blaze_burner":1,"minecraft:cactus":5,"minecraft:red_terracotta":6,"create:gearbox":6,"minecraft:white_wall_banner":2,"create:mechanical_drill":3,"minecraft:coal_ore":402,"minecraft:gravel":44,"minecraft:cobweb":4,"minecraft:brown_terracotta":1,"minecraft:cracked_stone_bricks":3,"minecraft:terracotta":20,"minecraft:stone_bricks":9,"create:andesite_funnel":2,"minecraft:mossy_stone_bricks":3,"minecraft:gold_ore":40},"minecraft:crafted":{"minecraft:oak_planks":1644,"minecraft:cobblestone_slab":6,"minecraft:oak_sign":3,"create:mechanical_harvester":6,"minecraft:stone":1,"minecraft:diamond_shovel":2,"minecraft:bookshelf":20,"create:deployer":1,"minecraft:cooked_mutton":1,"minecraft:green_dye":5,"create:vertical_gearbox":5,"create:rotation_speed_controller":1,"minecraft:glass":2,"minecraft:diamond_helmet":2,"create:andesite_funnel":8,"minecraft:diamond_leggings":2,"minecraft:bow":2,"create:mechanical_press":1,"minecraft:chest":9,"minecraft:oak_button":11,"minecraft:dried_kelp_block":7,"create:brass_funnel":4,"create:cogwheel":68,"minecraft:oak_fence":15,"create:brass_hand":1,"minecraft:oak_slab":6,"create:depot":2,"minecraft:wooden_shovel":2,"minecraft:emerald":122,"create:rose_quartz":9,"minecraft:arrow":32,"minecraft:cooked_porkchop":42,"minecraft:diamond_axe":2,"minecraft:crafting_table":5,"create:mechanical_saw":7,"minecraft:wooden_pickaxe":1,"minecraft:iron_helmet":1,"minecraft:smithing_table":1,"minecraft:copper_ingot":55,"create:sand_paper":3,"minecraft:fletching_table":1,"sophisticatedbackpacks:upgrade_base":7,"create:mechanical_mixer":1,"minecraft:diorite":192,"minecraft:book":4,"minecraft:paper":327,"minecraft:charcoal":8,"minecraft:diamond_pickaxe":2,"create:water_wheel":8,"minecraft:shield":2,"create:super_glue":1,"sophisticatedbackpacks:diamond_backpack":1,"minecraft:stick":3104,"minecraft:iron_ingot":566,"minecraft:iron_pickaxe":7,"minecraft:iron_block":17,"minecraft:stone_sword":1,"minecraft:gold_ingot":57,"create:large_cogwheel":22,"minecraft:netherite_ingot":1,"create:elevator_pulley":1,"minecraft:shears":1,"create:empty_blaze_burner":1,"minecraft:stone_shovel":3,"create:wrench":1,"minecraft:iron_nugget":761,"create:white_sail":38,"minecraft:furnace":2,"minecraft:bone_meal":36,"minecraft:flint_and_steel":2,"minecraft:iron_axe":2,"minecraft:iron_hoe":1,"minecraft:slime_ball":2,"create:millstone":5,"minecraft:lime_dye":2,"minecraft:stone_pickaxe":1,"minecraft:diamond_boots":2,"create:electron_tube":7,"create:basin":1,"minecraft:netherite_scrap":4,"create:belt_connector":19,"create:filter":1,"create:windmill_bearing":3,"minecraft:wheat":936,"minecraft:cooked_beef":8,"minecraft:coal_block":1,"create:andesite_alloy":290,"create:hand_crank":1,"minecraft:diamond_sword":3,"minecraft:dried_kelp":189,"create:dough":2,"create:large_water_wheel":8,"minecraft:cooked_salmon":17,"sophisticatedbackpacks:gold_backpack":1,"minecraft:bucket":3,"create:andesite_alloy_block":9,"minecraft:stone_axe":5,"minecraft:enchanted_book":5,"minecraft:acacia_boat":1,"minecraft:bread":309,"minecraft:air":0,"minecraft:blue_dye":1,"minecraft:oak_boat":1,"create:whisk":1,"minecraft:golden_apple":1,"minecraft:white_dye":14,"minecraft:wooden_axe":2,"minecraft:oak_stairs":4,"minecraft:iron_leggings":1,"minecraft:anvil":1,"create:mechanical_drill":4,"create:shaft":112,"minecraft:andesite":426,"minecraft:acacia_planks":448,"minecraft:torch":860,"create:zinc_ingot":14,"minecraft:diamond_chestplate":3},"minecraft:broken":{"minecraft:golden_boots":1,"minecraft:wooden_shovel":2,"minecraft:golden_shovel":1,"minecraft:stone_pickaxe":1,"minecraft:stone_axe":3,"minecraft:stone_sword":1,"minecraft:iron_pickaxe":3,"create:sand_paper":1},"minecraft:custom":{"minecraft:interact_with_crafting_table":219,"minecraft:bell_ring":13,"minecraft:leave_game":31,"minecraft:time_since_death":220198,"minecraft:sprint_one_cm":2518228,"minecraft:damage_blocked_by_shield":2185,"minecraft:drop":230,"minecraft:talked_to_villager":200,"minecraft:play_time":1279092,"minecraft:deaths":15,"minecraft:jump":17760,"minecraft:walk_on_water_one_cm":90097,"minecraft:enchant_item":8,"minecraft:interact_with_furnace":249,"minecraft:traded_with_villager":139,"minecraft:interact_with_cartography_table":1,"minecraft:sleep_in_bed":34,"minecraft:damage_dealt":21961,"minecraft:player_kills":7,"minecraft:crouch_one_cm":79220,"minecraft:interact_with_smoker":1,"minecraft:interact_with_smithing_table":4,"minecraft:interact_with_anvil":25,"minecraft:mob_kills":317,"minecraft:climb_one_cm":2833,"minecraft:walk_one_cm":2994660,"minecraft:damage_dealt_absorbed":160,"minecraft:sneak_time":32520,"minecraft:walk_under_water_one_cm":60703,"minecraft:boat_one_cm":3295,"minecraft:interact_with_blast_furnace":1,"minecraft:total_world_time":1279092,"minecraft:raid_trigger":1,"minecraft:time_since_rest":14489,"minecraft:damage_taken":12037,"minecraft:damage_absorbed":40,"minecraft:swim_one_cm":130872,"minecraft:fly_one_cm":3578998,"minecraft:open_chest":335,"minecraft:fall_one_cm":443701},"minecraft:picked_up":{"minecraft:wheat":129,"cgm:basic_bullet":64,"minecraft:nether_brick_fence":4,"minecraft:lead":7,"minecraft:smithing_table":34,"minecraft:diamond_sword":2,"minecraft:oak_stairs":4,"create:wrench":3,"minecraft:enchanted_book":2,"minecraft:golden_shovel":1,"minecraft:string":44,"minecraft:raw_copper":57,"minecraft:netherite_ingot":2,"minecraft:oak_sign":1,"create:andesite_funnel":2,"minecraft:diamond_leggings":6,"minecraft:red_sand":1,"minecraft:gold_nugget":39,"minecraft:cobbled_deepslate":344,"minecraft:iron_pickaxe":5,"cgm:advanced_bullet":815,"minecraft:furnace":6,"minecraft:stick":98,"minecraft:brown_terracotta":1,"minecraft:composter":9,"minecraft:oak_fence":10,"minecraft:torch":386,"minecraft:acacia_log":157,"create:andesite_casing":8,"minecraft:porkchop":24,"minecraft:diorite":60,"create:large_cogwheel":5,"minecraft:cactus":5,"minecraft:stone_sword":1,"minecraft:rotten_flesh":86,"create:asurine":3,"minecraft:white_terracotta":2,"minecraft:blaze_rod":26,"minecraft:obsidian":5,"minecraft:cobblestone":1466,"minecraft:enchanting_table":2,"minecraft:magma_block":5,"minecraft:iron_door":1,"minecraft:water_bucket":1,"minecraft:andesite":188,"minecraft:acacia_leaves":2,"minecraft:potato":9,"create:belt_connector":12,"minecraft:flint":131,"minecraft:tuff":61,"create:raw_zinc":14,"cgm:heavy_rifle":8,"minecraft:acacia_boat":1,"minecraft:lapis_lazuli":333,"minecraft:dirt":375,"minecraft:bone":67,"minecraft:bow":1,"minecraft:wheat_seeds":25,"minecraft:raw_gold":49,"create:mechanical_drill":2,"create:shaft":26,"minecraft:netherite_axe":2,"minecraft:mossy_stone_bricks":2,"minecraft:fletching_table":6,"minecraft:rabbit":3,"minecraft:diamond_helmet":6,"minecraft:glowstone_dust":56,"create:super_glue":1,"minecraft:oak_planks":84,"minecraft:cooked_porkchop":17,"create:cogwheel":15,"create:empty_blaze_burner":1,"minecraft:sand":331,"sophisticatedbackpacks:iron_backpack":3,"minecraft:grass_block":3,"minecraft:cyan_bed":8,"minecraft:dark_oak_log":36,"minecraft:red_terracotta":12,"minecraft:iron_hoe":3,"minecraft:light_gray_terracotta":2,"minecraft:diamond":155,"minecraft:crossbow":1,"minecraft:granite":48,"minecraft:bone_meal":2,"minecraft:grass":2,"minecraft:golden_apple":3,"sophisticatedbackpacks:feeding_upgrade":1,"minecraft:emerald":27,"minecraft:bread":272,"minecraft:oak_sapling":45,"minecraft:netherrack":1127,"minecraft:dark_oak_fence":16,"minecraft:crimson_roots":3,"minecraft:diamond_pickaxe":7,"minecraft:charcoal":3,"minecraft:crafting_table":51,"minecraft:azure_bluet":1,"minecraft:chicken":2,"minecraft:nether_wart":6,"minecraft:iron_axe":4,"minecraft:flint_and_steel":2,"minecraft:blackstone":33,"minecraft:cracked_stone_bricks":4,"minecraft:beef":15,"minecraft:oak_boat":1,"minecraft:iron_nugget":12,"minecraft:poppy":6,"minecraft:lectern":15,"minecraft:sugar_cane":47,"minecraft:chest":11,"minecraft:egg":5,"minecraft:raw_iron":528,"minecraft:sandstone":51,"minecraft:oak_door":1,"create:golden_sheet":3,"minecraft:copper_ingot":12,"sophisticatedbackpacks:backpack":4,"create:hand_crank":1,"minecraft:carrot":18,"minecraft:redstone":159,"create:zinc_ingot":8,"minecraft:stone_pressure_plate":1,"create:vertical_gearbox":5,"minecraft:dark_oak_planks":3,"minecraft:tnt":9,"minecraft:stone_shovel":11,"minecraft:arrow":58,"minecraft:weeping_vines":12,"minecraft:diamond_chestplate":5,"minecraft:nether_bricks":18,"cgm:assault_rifle":1,"minecraft:shears":2,"minecraft:diamond_boots":4,"minecraft:hay_block":167,"minecraft:yellow_terracotta":1,"minecraft:gold_ingot":7,"minecraft:saddle":2,"minecraft:rail":12,"minecraft:white_wool":16,"minecraft:oxeye_daisy":1,"minecraft:stripped_oak_log":4,"create:iron_sheet":1,"minecraft:clock":1,"minecraft:glow_ink_sac":3,"minecraft:salmon":17,"minecraft:leather":13,"minecraft:cut_sandstone":5,"minecraft:red_mushroom":2,"minecraft:oak_log":169,"create:andesite_alloy":28,"minecraft:ancient_debris":23,"minecraft:golden_boots":6,"minecraft:nether_wart_block":11,"minecraft:gunpowder":54,"minecraft:white_banner":4,"minecraft:orange_terracotta":5,"minecraft:smooth_sandstone":7,"sophisticatedbackpacks:upgrade_base":14,"minecraft:apple":5,"minecraft:stone_bricks":11,"minecraft:kelp":53,"minecraft:rabbit_hide":2,"minecraft:iron_ingot":92,"minecraft:stone_pickaxe":1,"minecraft:acacia_sapling":21,"create:mechanical_saw":1,"sophisticatedbackpacks:diamond_backpack":3,"minecraft:green_dye":2,"minecraft:book":99,"minecraft:oak_slab":2,"minecraft:warped_fungus":1,"create:large_water_wheel":8,"minecraft:pumpkin":6,"minecraft:quartz":504,"minecraft:dandelion":6,"minecraft:gravel":208,"minecraft:green_carpet":2,"minecraft:spider_eye":9,"create:gearbox":3,"create:wheat_flour":14,"create:millstone":1,"minecraft:diamond_shovel":8,"minecraft:slime_ball":8,"create:brass_ingot":3,"minecraft:stone_axe":6,"create:encased_fan":2,"minecraft:diamond_axe":2,"minecraft:gray_wool":1,"minecraft:terracotta":23,"minecraft:coal":566,"minecraft:ender_pearl":6},"minecraft:dropped":{"sophisticatedbackpacks:iron_backpack":1,"sophisticatedbackpacks:upgrade_base":7,"minecraft:diamond_axe":1,"minecraft:oak_log":8,"minecraft:ender_pearl":3,"minecraft:diamond":35,"create:filter":1,"minecraft:flint":6,"minecraft:emerald":8,"minecraft:dirt":18,"minecraft:dark_oak_log":21,"minecraft:dark_oak_fence":8,"minecraft:bone_meal":1,"minecraft:sand":5,"minecraft:iron_pickaxe":4,"minecraft:white_wool":2,"minecraft:gold_ingot":35,"minecraft:bone":8,"minecraft:gravel":424,"minecraft:ancient_debris":10,"minecraft:iron_nugget":2,"minecraft:cobbled_deepslate":88,"minecraft:wheat":114,"minecraft:rotten_flesh":46,"cgm:assault_rifle":1,"minecraft:poppy":2,"cgm:basic_bullet":64,"create:wrench":1,"create:brass_ingot":4,"minecraft:arrow":11,"minecraft:enchanting_table":1,"create:andesite_alloy":4,"minecraft:iron_ingot":196,"minecraft:golden_boots":2,"minecraft:wheat_seeds":10,"minecraft:cobblestone":176,"minecraft:apple":2,"minecraft:granite":13,"minecraft:copper_ingot":49,"minecraft:grass_block":2,"minecraft:golden_apple":1,"minecraft:stick":13,"minecraft:green_carpet":2,"minecraft:iron_leggings":1,"minecraft:iron_axe":1,"minecraft:string":10,"sophisticatedbackpacks:feeding_upgrade":1,"minecraft:blaze_rod":22,"minecraft:light_gray_terracotta":1,"minecraft:raw_iron":1,"sophisticatedbackpacks:backpack":1,"minecraft:flint_and_steel":1,"create:zinc_ingot":6,"minecraft:diamond_pickaxe":1,"minecraft:andesite":5,"minecraft:mossy_stone_bricks":2,"minecraft:spider_eye":1,"minecraft:diamond_boots":1,"minecraft:sandstone":11,"minecraft:terracotta":17},"minecraft:killed_by":{"minecraft:creeper":3,"minecraft:drowned":1,"minecraft:player":6,"minecraft:enderman":1,"minecraft:skeleton":1},"minecraft:killed":{"minecraft:witch":1,"minecraft:spider":27,"minecraft:skeleton":40,"minecraft:chicken":2,"minecraft:silverfish":4,"minecraft:piglin":1,"minecraft:pig":5,"minecraft:zombie_villager":2,"minecraft:salmon":18,"minecraft:iron_golem":6,"minecraft:creeper":34,"minecraft:strider":1,"minecraft:trader_llama":6,"minecraft:pillager":8,"minecraft:zombie":67,"minecraft:blaze":41,"minecraft:cow":3,"minecraft:slime":15,"minecraft:phantom":1,"minecraft:drowned":2,"minecraft:husk":3,"minecraft:rabbit":3,"minecraft:bat":1,"minecraft:wandering_trader":3,"minecraft:hoglin":9,"minecraft:villager":1,"minecraft:enderman":7}},"DataVersion":2975}