{"stats":{"minecraft:crafted":{"minecraft:oak_planks":516,"minecraft:diamond_shovel":2,"minecraft:bookshelf":4,"minecraft:cooked_mutton":1,"minecraft:diamond_helmet":1,"minecraft:diamond_leggings":1,"minecraft:chest":3,"minecraft:wooden_shovel":2,"minecraft:emerald":47,"minecraft:diamond_axe":1,"minecraft:crafting_table":5,"minecraft:wooden_pickaxe":1,"minecraft:iron_helmet":1,"minecraft:smithing_table":1,"minecraft:fletching_table":1,"minecraft:charcoal":8,"minecraft:diamond_pickaxe":1,"minecraft:shield":2,"minecraft:stick":1720,"minecraft:iron_ingot":74,"minecraft:iron_pickaxe":4,"minecraft:stone_sword":1,"minecraft:gold_ingot":7,"minecraft:stone_shovel":3,"minecraft:iron_nugget":18,"minecraft:furnace":2,"minecraft:bone_meal":9,"minecraft:iron_axe":1,"minecraft:stone_pickaxe":1,"minecraft:diamond_boots":1,"minecraft:wheat":711,"create:andesite_alloy":6,"minecraft:diamond_sword":2,"minecraft:cooked_salmon":17,"minecraft:stone_axe":5,"minecraft:enchanted_book":2,"minecraft:acacia_boat":1,"minecraft:bread":243,"minecraft:air":0,"minecraft:wooden_axe":2,"minecraft:iron_leggings":1,"minecraft:acacia_planks":448,"minecraft:torch":536,"create:zinc_ingot":8,"minecraft:diamond_chestplate":2},"minecraft:custom":{"minecraft:interact_with_crafting_table":61,"minecraft:bell_ring":1,"minecraft:leave_game":26,"minecraft:time_since_death":649,"minecraft:sprint_one_cm":1275898,"minecraft:damage_blocked_by_shield":2185,"minecraft:drop":51,"minecraft:talked_to_villager":114,"minecraft:play_time":464542,"minecraft:deaths":7,"minecraft:jump":9237,"minecraft:walk_on_water_one_cm":53658,"minecraft:enchant_item":5,"minecraft:interact_with_furnace":74,"minecraft:traded_with_villager":57,"minecraft:interact_with_cartography_table":1,"minecraft:sleep_in_bed":16,"minecraft:damage_dealt":13068,"minecraft:player_kills":3,"minecraft:crouch_one_cm":14899,"minecraft:interact_with_smoker":1,"minecraft:interact_with_smithing_table":3,"minecraft:mob_kills":96,"minecraft:climb_one_cm":1277,"minecraft:walk_one_cm":1123587,"minecraft:sneak_time":6370,"minecraft:walk_under_water_one_cm":42286,"minecraft:boat_one_cm":1815,"minecraft:interact_with_blast_furnace":1,"minecraft:total_world_time":464542,"minecraft:time_since_rest":684,"minecraft:damage_taken":7257,"minecraft:swim_one_cm":105996,"minecraft:fly_one_cm":1957302,"minecraft:open_chest":73,"minecraft:fall_one_cm":248284},"minecraft:mined":{"minecraft:dark_oak_planks":2,"create:deepslate_zinc_ore":8,"create:andesite_casing":6,"minecraft:granite":17,"minecraft:red_sand":1,"minecraft:acacia_log":127,"minecraft:grass_block":18,"minecraft:composter":7,"minecraft:spawner":1,"minecraft:tall_seagrass":3,"minecraft:iron_ore":113,"minecraft:cobbled_deepslate":13,"minecraft:pumpkin":3,"minecraft:fletching_table":6,"minecraft:deepslate_lapis_ore":6,"minecraft:flowering_azalea_leaves":2,"minecraft:dirt_path":1,"minecraft:green_carpet":2,"minecraft:azalea_leaves":8,"create:limestone":3,"minecraft:deepslate_redstone_ore":16,"minecraft:cut_sandstone":3,"minecraft:orange_terracotta":1,"minecraft:torch":9,"minecraft:light_gray_terracotta":1,"minecraft:poppy":4,"minecraft:chest":1,"minecraft:cobblestone":16,"minecraft:cyan_bed":7,"minecraft:sugar_cane":3,"minecraft:oak_planks":8,"minecraft:iron_door":1,"minecraft:wall_torch":12,"minecraft:seagrass":3,"minecraft:grass":112,"minecraft:oak_log":127,"minecraft:sand":184,"minecraft:dirt":37,"create:crimsite":9,"minecraft:oak_leaves":35,"minecraft:deepslate":213,"create:zinc_ore":4,"minecraft:tuff":61,"minecraft:deepslate_diamond_ore":112,"minecraft:oak_door":1,"minecraft:dark_oak_log":16,"minecraft:dark_oak_fence":9,"minecraft:sandstone":51,"minecraft:hay_block":130,"minecraft:furnace":5,"minecraft:andesite":67,"minecraft:bookshelf":17,"minecraft:deepslate_iron_ore":71,"minecraft:stripped_oak_log":4,"minecraft:stone":207,"minecraft:smithing_table":34,"minecraft:acacia_leaves":9,"minecraft:infested_stone_bricks":1,"minecraft:dandelion":2,"minecraft:oak_fence":1,"minecraft:smooth_sandstone":7,"minecraft:crafting_table":27,"minecraft:lectern":14,"minecraft:tall_grass":18,"minecraft:copper_ore":10,"minecraft:lapis_ore":6,"minecraft:deepslate_gold_ore":6,"minecraft:diorite":13,"minecraft:coal_ore":291,"minecraft:gravel":15,"minecraft:cobweb":4,"minecraft:cracked_stone_bricks":3,"minecraft:terracotta":17,"minecraft:stone_bricks":9,"minecraft:mossy_stone_bricks":3,"minecraft:gold_ore":27},"minecraft:killed_by":{"minecraft:creeper":2,"minecraft:drowned":1,"minecraft:player":2,"minecraft:skeleton":1},"minecraft:used":{"minecraft:red_sand":1,"minecraft:chest":3,"minecraft:shield":58,"minecraft:rotten_flesh":2,"minecraft:carrot":1,"minecraft:acacia_sapling":6,"minecraft:tuff":60,"minecraft:hay_block":11,"minecraft:furnace":5,"minecraft:oak_sapling":15,"minecraft:egg":3,"minecraft:potato":9,"cgm:heavy_rifle":80,"minecraft:diorite":14,"minecraft:stone_pickaxe":131,"minecraft:oak_planks":22,"minecraft:wooden_pickaxe":13,"minecraft:sandstone":18,"minecraft:composter":5,"minecraft:diamond_axe":43,"minecraft:sand":58,"minecraft:cyan_bed":6,"minecraft:bread":123,"minecraft:lectern":15,"minecraft:iron_door":1,"minecraft:gravel":5,"minecraft:diamond_sword":70,"minecraft:smithing_table":35,"minecraft:andesite":14,"minecraft:bone_meal":9,"minecraft:experience_bottle":1,"minecraft:stone_sword":113,"minecraft:acacia_log":11,"minecraft:stone_shovel":19,"minecraft:wooden_shovel":118,"minecraft:cooked_salmon":17,"minecraft:torch":556,"minecraft:dirt":41,"minecraft:diamond_helmet":1,"minecraft:golden_shovel":33,"minecraft:wooden_axe":62,"minecraft:dark_oak_planks":2,"minecraft:bookshelf":4,"minecraft:iron_axe":29,"minecraft:cobbled_deepslate":114,"minecraft:pumpkin":3,"minecraft:cooked_mutton":1,"minecraft:acacia_boat":1,"minecraft:fletching_table":7,"minecraft:cracked_stone_bricks":4,"minecraft:crafting_table":27,"minecraft:oak_log":2,"minecraft:diamond_pickaxe":336,"minecraft:apple":5,"minecraft:diamond_shovel":63,"minecraft:iron_pickaxe":934,"minecraft:stone_axe":420,"minecraft:cobblestone":155,"minecraft:porkchop":1},"minecraft:broken":{"minecraft:wooden_shovel":2,"minecraft:golden_shovel":1,"minecraft:stone_pickaxe":1,"minecraft:stone_axe":3,"minecraft:stone_sword":1,"minecraft:iron_pickaxe":2},"minecraft:picked_up":{"minecraft:wheat":106,"minecraft:smithing_table":34,"minecraft:lead":3,"minecraft:enchanted_book":1,"minecraft:golden_shovel":1,"minecraft:string":14,"minecraft:raw_copper":36,"minecraft:diamond_leggings":1,"minecraft:red_sand":1,"minecraft:cobbled_deepslate":212,"minecraft:iron_pickaxe":1,"cgm:advanced_bullet":264,"minecraft:furnace":6,"minecraft:stick":53,"minecraft:composter":9,"create:andesite_casing":6,"minecraft:oak_fence":1,"minecraft:acacia_log":157,"minecraft:torch":48,"minecraft:porkchop":9,"minecraft:diorite":15,"minecraft:stone_sword":1,"minecraft:rotten_flesh":30,"minecraft:obsidian":1,"minecraft:cobblestone":237,"minecraft:enchanting_table":1,"minecraft:iron_door":1,"minecraft:andesite":76,"minecraft:potato":6,"minecraft:flint":3,"minecraft:tuff":60,"create:raw_zinc":12,"cgm:heavy_rifle":2,"minecraft:acacia_boat":1,"minecraft:lapis_lazuli":156,"minecraft:dirt":69,"minecraft:bone":21,"minecraft:wheat_seeds":16,"minecraft:raw_gold":35,"minecraft:diamond_helmet":1,"minecraft:rabbit":3,"minecraft:fletching_table":6,"minecraft:mossy_stone_bricks":2,"minecraft:oak_planks":50,"minecraft:sand":281,"minecraft:grass_block":2,"minecraft:cyan_bed":8,"minecraft:dark_oak_log":36,"minecraft:light_gray_terracotta":1,"minecraft:diamond":115,"minecraft:granite":17,"minecraft:bone_meal":2,"minecraft:golden_apple":1,"minecraft:bread":137,"minecraft:emerald":21,"minecraft:oak_sapling":17,"minecraft:dark_oak_fence":16,"minecraft:diamond_pickaxe":1,"minecraft:charcoal":3,"minecraft:crafting_table":30,"minecraft:chicken":2,"minecraft:iron_axe":1,"minecraft:flint_and_steel":2,"minecraft:cracked_stone_bricks":4,"minecraft:beef":7,"minecraft:poppy":5,"minecraft:lectern":15,"minecraft:chest":2,"minecraft:sugar_cane":14,"minecraft:egg":5,"minecraft:raw_iron":179,"minecraft:sandstone":51,"minecraft:oak_door":1,"minecraft:carrot":1,"minecraft:redstone":132,"minecraft:stone_pressure_plate":1,"create:zinc_ingot":8,"minecraft:dark_oak_planks":3,"minecraft:tnt":9,"minecraft:arrow":21,"minecraft:stone_shovel":4,"minecraft:diamond_boots":1,"minecraft:hay_block":142,"minecraft:rail":2,"minecraft:stripped_oak_log":4,"minecraft:clock":1,"minecraft:glow_ink_sac":1,"minecraft:salmon":17,"minecraft:cut_sandstone":5,"minecraft:leather":3,"minecraft:oak_log":138,"minecraft:golden_boots":2,"minecraft:gunpowder":19,"minecraft:orange_terracotta":1,"minecraft:smooth_sandstone":7,"minecraft:stone_bricks":11,"minecraft:rabbit_hide":2,"minecraft:iron_ingot":35,"minecraft:stone_pickaxe":1,"minecraft:acacia_sapling":21,"minecraft:book":51,"minecraft:pumpkin":6,"minecraft:dandelion":2,"minecraft:gravel":10,"minecraft:green_carpet":2,"minecraft:spider_eye":2,"minecraft:diamond_shovel":2,"minecraft:stone_axe":5,"minecraft:diamond_axe":2,"minecraft:terracotta":17,"minecraft:coal":351},"minecraft:killed":{"minecraft:spider":4,"minecraft:skeleton":13,"minecraft:chicken":2,"minecraft:silverfish":4,"minecraft:pig":4,"minecraft:salmon":18,"minecraft:iron_golem":6,"minecraft:creeper":9,"minecraft:trader_llama":2,"minecraft:pillager":1,"minecraft:zombie":19,"minecraft:cow":3,"minecraft:drowned":2,"minecraft:husk":3,"minecraft:rabbit":3,"minecraft:wandering_trader":1,"minecraft:villager":1},"minecraft:dropped":{"sophisticatedbackpacks:iron_backpack":1,"minecraft:diamond_axe":1,"minecraft:oak_log":8,"minecraft:diamond":32,"minecraft:dirt":18,"minecraft:dark_oak_log":21,"minecraft:dark_oak_fence":8,"minecraft:bone_meal":1,"minecraft:sand":5,"minecraft:bone":8,"minecraft:gravel":2,"minecraft:cobbled_deepslate":88,"minecraft:wheat":64,"minecraft:rotten_flesh":15,"minecraft:poppy":2,"minecraft:arrow":11,"minecraft:enchanting_table":1,"minecraft:iron_ingot":4,"minecraft:golden_boots":1,"minecraft:wheat_seeds":10,"minecraft:granite":13,"minecraft:grass_block":2,"minecraft:golden_apple":1,"minecraft:stick":13,"minecraft:iron_leggings":1,"minecraft:green_carpet":2,"minecraft:string":10,"minecraft:light_gray_terracotta":1,"minecraft:raw_iron":1,"minecraft:andesite":5,"minecraft:mossy_stone_bricks":2,"minecraft:spider_eye":1,"minecraft:sandstone":11,"minecraft:terracotta":17}},"DataVersion":2975}