{"stats":{"minecraft:crafted":{"minecraft:oak_planks":892,"minecraft:diamond_shovel":2,"minecraft:bookshelf":4,"minecraft:cooked_mutton":1,"minecraft:green_dye":5,"minecraft:diamond_helmet":2,"minecraft:diamond_leggings":2,"create:mechanical_press":1,"minecraft:chest":6,"create:cogwheel":6,"minecraft:oak_slab":6,"create:depot":1,"minecraft:wooden_shovel":2,"minecraft:emerald":47,"minecraft:diamond_axe":2,"minecraft:crafting_table":5,"create:mechanical_saw":7,"minecraft:wooden_pickaxe":1,"minecraft:iron_helmet":1,"minecraft:smithing_table":1,"minecraft:copper_ingot":51,"minecraft:fletching_table":1,"create:water_wheel":8,"minecraft:diamond_pickaxe":2,"minecraft:charcoal":8,"minecraft:shield":2,"create:super_glue":1,"sophisticatedbackpacks:diamond_backpack":1,"minecraft:stick":2232,"minecraft:iron_ingot":192,"minecraft:iron_pickaxe":4,"minecraft:iron_block":4,"minecraft:stone_sword":1,"minecraft:gold_ingot":44,"minecraft:netherite_ingot":1,"minecraft:shears":1,"minecraft:stone_shovel":3,"create:wrench":1,"minecraft:iron_nugget":144,"create:white_sail":12,"minecraft:furnace":2,"minecraft:bone_meal":36,"minecraft:iron_axe":2,"minecraft:iron_hoe":1,"minecraft:slime_ball":2,"create:millstone":1,"minecraft:lime_dye":2,"minecraft:stone_pickaxe":1,"minecraft:diamond_boots":2,"minecraft:netherite_scrap":4,"create:windmill_bearing":1,"minecraft:wheat":936,"create:andesite_alloy":68,"create:hand_crank":1,"minecraft:diamond_sword":3,"create:dough":2,"create:large_water_wheel":8,"minecraft:cooked_salmon":17,"sophisticatedbackpacks:gold_backpack":1,"minecraft:bucket":1,"minecraft:stone_axe":5,"minecraft:enchanted_book":3,"minecraft:acacia_boat":1,"minecraft:bread":309,"minecraft:air":0,"minecraft:oak_boat":1,"minecraft:white_dye":14,"minecraft:wooden_axe":2,"minecraft:iron_leggings":1,"minecraft:anvil":1,"create:mechanical_drill":2,"create:shaft":16,"minecraft:acacia_planks":448,"minecraft:torch":660,"create:zinc_ingot":8,"minecraft:diamond_chestplate":3},"minecraft:custom":{"minecraft:interact_with_crafting_table":111,"minecraft:bell_ring":13,"minecraft:leave_game":28,"minecraft:time_since_death":71273,"minecraft:sprint_one_cm":1685796,"minecraft:damage_blocked_by_shield":2185,"minecraft:drop":113,"minecraft:talked_to_villager":135,"minecraft:play_time":669503,"minecraft:deaths":11,"minecraft:jump":12132,"minecraft:walk_on_water_one_cm":57444,"minecraft:enchant_item":6,"minecraft:interact_with_furnace":134,"minecraft:traded_with_villager":58,"minecraft:interact_with_cartography_table":1,"minecraft:sleep_in_bed":19,"minecraft:damage_dealt":14296,"minecraft:player_kills":3,"minecraft:crouch_one_cm":23453,"minecraft:interact_with_smoker":1,"minecraft:interact_with_smithing_table":4,"minecraft:mob_kills":134,"minecraft:interact_with_anvil":14,"minecraft:climb_one_cm":2382,"minecraft:walk_one_cm":1575098,"minecraft:sneak_time":9546,"minecraft:walk_under_water_one_cm":44493,"minecraft:boat_one_cm":3295,"minecraft:interact_with_blast_furnace":1,"minecraft:total_world_time":669503,"minecraft:raid_trigger":1,"minecraft:time_since_rest":71303,"minecraft:damage_taken":8876,"minecraft:swim_one_cm":117579,"minecraft:fly_one_cm":2548866,"minecraft:open_chest":133,"minecraft:fall_one_cm":322308},"minecraft:mined":{"minecraft:dark_oak_planks":2,"create:deepslate_zinc_ore":8,"create:andesite_casing":8,"minecraft:granite":29,"minecraft:red_sand":1,"minecraft:acacia_log":127,"minecraft:grass_block":51,"minecraft:composter":7,"minecraft:spawner":1,"minecraft:tall_seagrass":3,"minecraft:magma_block":4,"minecraft:iron_ore":115,"minecraft:cobbled_deepslate":13,"minecraft:pumpkin":3,"minecraft:fletching_table":6,"minecraft:deepslate_lapis_ore":10,"minecraft:flowering_azalea_leaves":2,"minecraft:dirt_path":1,"minecraft:green_carpet":2,"minecraft:azalea_leaves":8,"create:limestone":3,"minecraft:deepslate_redstone_ore":18,"create:cogwheel":3,"minecraft:cut_sandstone":3,"minecraft:blackstone":17,"minecraft:kelp_plant":8,"minecraft:crimson_nylium":9,"minecraft:orange_terracotta":5,"minecraft:torch":12,"minecraft:light_gray_terracotta":2,"minecraft:poppy":4,"minecraft:chest":1,"minecraft:nether_quartz_ore":285,"minecraft:cobblestone":25,"minecraft:cyan_bed":7,"minecraft:sugar_cane":4,"minecraft:oak_planks":11,"minecraft:iron_door":1,"minecraft:wall_torch":20,"minecraft:seagrass":3,"minecraft:white_terracotta":1,"minecraft:nether_wart_block":4,"minecraft:warped_fungus":1,"minecraft:grass":141,"minecraft:oak_log":128,"minecraft:sand":184,"minecraft:dirt":53,"minecraft:ancient_debris":19,"minecraft:netherrack":612,"create:crimsite":9,"minecraft:oak_leaves":35,"minecraft:deepslate":299,"minecraft:nether_gold_ore":8,"minecraft:yellow_terracotta":1,"create:zinc_ore":4,"minecraft:tuff":62,"create:millstone":1,"minecraft:deepslate_diamond_ore":149,"minecraft:oak_door":1,"minecraft:dark_oak_log":16,"minecraft:dark_oak_fence":9,"minecraft:kelp":7,"minecraft:sandstone":51,"minecraft:hay_block":155,"minecraft:furnace":5,"minecraft:andesite":164,"minecraft:bookshelf":17,"minecraft:deepslate_iron_ore":93,"minecraft:stripped_oak_log":4,"minecraft:stone":249,"minecraft:smithing_table":34,"minecraft:acacia_leaves":9,"minecraft:infested_stone_bricks":1,"minecraft:dandelion":2,"minecraft:oak_fence":2,"minecraft:smooth_sandstone":7,"minecraft:crafting_table":36,"minecraft:lectern":14,"minecraft:tall_grass":19,"minecraft:copper_ore":13,"minecraft:lapis_ore":6,"minecraft:deepslate_gold_ore":6,"minecraft:diorite":13,"create:mechanical_saw":1,"minecraft:red_terracotta":6,"minecraft:cactus":5,"minecraft:coal_ore":377,"minecraft:gravel":18,"minecraft:cobweb":4,"minecraft:brown_terracotta":1,"minecraft:cracked_stone_bricks":3,"minecraft:terracotta":20,"minecraft:stone_bricks":9,"minecraft:mossy_stone_bricks":3,"minecraft:gold_ore":27},"minecraft:killed_by":{"minecraft:creeper":3,"minecraft:drowned":1,"minecraft:player":4,"minecraft:skeleton":1},"minecraft:used":{"minecraft:red_sand":1,"minecraft:chest":6,"minecraft:shield":58,"minecraft:rotten_flesh":2,"create:white_sail":15,"create:cogwheel":5,"minecraft:carrot":1,"minecraft:acacia_sapling":6,"create:depot":1,"minecraft:tuff":60,"create:millstone":2,"minecraft:hay_block":11,"minecraft:oak_sapling":41,"minecraft:furnace":5,"minecraft:egg":3,"minecraft:potato":10,"cgm:heavy_rifle":154,"minecraft:diorite":14,"minecraft:diamond_boots":1,"minecraft:stone_pickaxe":131,"minecraft:oak_planks":24,"minecraft:wooden_pickaxe":13,"minecraft:sandstone":18,"minecraft:composter":5,"minecraft:diamond_axe":43,"create:mechanical_saw":8,"minecraft:sand":58,"minecraft:crossbow":1,"minecraft:bread":160,"minecraft:cyan_bed":6,"minecraft:lectern":15,"minecraft:iron_door":1,"minecraft:gravel":7,"minecraft:nether_wart_block":3,"minecraft:diamond_sword":71,"minecraft:smithing_table":35,"minecraft:andesite":27,"minecraft:oak_boat":1,"minecraft:bone_meal":9,"minecraft:experience_bottle":1,"minecraft:stone_sword":113,"minecraft:acacia_log":11,"minecraft:stone_shovel":19,"minecraft:wooden_shovel":118,"minecraft:cooked_salmon":17,"minecraft:netherrack":73,"minecraft:torch":670,"minecraft:dirt":70,"minecraft:anvil":1,"minecraft:diamond_helmet":1,"minecraft:golden_shovel":33,"minecraft:granite":6,"minecraft:iron_hoe":51,"minecraft:dark_oak_planks":2,"minecraft:wooden_axe":62,"minecraft:bookshelf":4,"create:wrench":27,"minecraft:iron_axe":63,"minecraft:diamond_chestplate":1,"minecraft:cobbled_deepslate":186,"minecraft:pumpkin":3,"minecraft:cooked_mutton":1,"minecraft:water_bucket":15,"minecraft:acacia_boat":1,"minecraft:fletching_table":7,"minecraft:cracked_stone_bricks":4,"minecraft:crafting_table":36,"minecraft:oak_log":19,"minecraft:diamond_pickaxe":1553,"minecraft:apple":6,"minecraft:diamond_shovel":120,"create:mechanical_press":2,"create:windmill_bearing":1,"minecraft:iron_pickaxe":1103,"minecraft:netherite_axe":4,"create:large_water_wheel":2,"minecraft:stone_axe":438,"minecraft:cobblestone":247,"minecraft:white_banner":1,"minecraft:porkchop":1,"minecraft:bucket":17,"create:hand_crank":3,"minecraft:diamond_leggings":1},"minecraft:broken":{"minecraft:wooden_shovel":2,"minecraft:golden_shovel":1,"minecraft:stone_pickaxe":1,"minecraft:stone_axe":3,"minecraft:stone_sword":1,"minecraft:iron_pickaxe":3},"minecraft:picked_up":{"minecraft:wheat":129,"cgm:basic_bullet":64,"minecraft:smithing_table":34,"minecraft:lead":5,"minecraft:enchanted_book":2,"minecraft:golden_shovel":1,"minecraft:string":16,"minecraft:raw_copper":51,"minecraft:netherite_ingot":2,"minecraft:diamond_leggings":4,"minecraft:red_sand":1,"minecraft:gold_nugget":39,"minecraft:cobbled_deepslate":339,"minecraft:iron_pickaxe":5,"cgm:advanced_bullet":642,"minecraft:furnace":6,"minecraft:stick":81,"create:andesite_casing":8,"minecraft:composter":9,"minecraft:brown_terracotta":1,"minecraft:oak_fence":2,"minecraft:acacia_log":157,"minecraft:torch":333,"minecraft:porkchop":20,"minecraft:diorite":15,"minecraft:stone_sword":1,"minecraft:cactus":5,"minecraft:rotten_flesh":49,"minecraft:white_terracotta":2,"minecraft:obsidian":1,"minecraft:cobblestone":336,"minecraft:enchanting_table":1,"minecraft:magma_block":4,"minecraft:iron_door":1,"minecraft:water_bucket":1,"minecraft:andesite":173,"minecraft:potato":9,"minecraft:flint":3,"minecraft:tuff":61,"create:raw_zinc":12,"cgm:heavy_rifle":6,"minecraft:acacia_boat":1,"minecraft:lapis_lazuli":234,"minecraft:dirt":118,"minecraft:bone":31,"minecraft:wheat_seeds":17,"minecraft:raw_gold":36,"minecraft:rabbit":3,"minecraft:fletching_table":6,"minecraft:diamond_helmet":4,"minecraft:mossy_stone_bricks":2,"minecraft:oak_planks":54,"create:cogwheel":3,"minecraft:sand":281,"sophisticatedbackpacks:iron_backpack":3,"minecraft:grass_block":2,"minecraft:cyan_bed":8,"minecraft:dark_oak_log":36,"minecraft:red_terracotta":12,"minecraft:iron_hoe":1,"minecraft:light_gray_terracotta":2,"minecraft:diamond":152,"minecraft:crossbow":1,"minecraft:granite":28,"minecraft:grass":2,"minecraft:bone_meal":2,"minecraft:golden_apple":1,"minecraft:emerald":27,"minecraft:bread":249,"minecraft:netherrack":666,"minecraft:oak_sapling":36,"minecraft:dark_oak_fence":16,"minecraft:crimson_roots":3,"minecraft:diamond_pickaxe":5,"minecraft:charcoal":3,"minecraft:crafting_table":43,"minecraft:chicken":2,"minecraft:iron_axe":3,"minecraft:flint_and_steel":2,"minecraft:blackstone":17,"minecraft:cracked_stone_bricks":4,"minecraft:beef":7,"minecraft:oak_boat":1,"minecraft:poppy":5,"minecraft:lectern":15,"minecraft:chest":2,"minecraft:sugar_cane":15,"minecraft:egg":5,"minecraft:raw_iron":222,"minecraft:sandstone":51,"minecraft:oak_door":1,"create:golden_sheet":3,"sophisticatedbackpacks:backpack":3,"create:hand_crank":1,"minecraft:carrot":1,"minecraft:redstone":159,"minecraft:stone_pressure_plate":1,"create:zinc_ingot":8,"minecraft:dark_oak_planks":3,"minecraft:tnt":9,"minecraft:stone_shovel":11,"minecraft:arrow":27,"minecraft:diamond_chestplate":3,"minecraft:shears":1,"minecraft:diamond_boots":4,"minecraft:hay_block":167,"minecraft:yellow_terracotta":1,"minecraft:gold_ingot":7,"minecraft:white_wool":8,"minecraft:rail":12,"minecraft:stripped_oak_log":4,"create:iron_sheet":1,"minecraft:clock":1,"minecraft:glow_ink_sac":1,"minecraft:salmon":17,"minecraft:cut_sandstone":5,"minecraft:leather":8,"create:andesite_alloy":28,"minecraft:oak_log":163,"minecraft:ancient_debris":19,"minecraft:golden_boots":3,"minecraft:nether_wart_block":4,"minecraft:gunpowder":28,"minecraft:white_banner":2,"minecraft:orange_terracotta":5,"minecraft:smooth_sandstone":7,"minecraft:apple":5,"minecraft:stone_bricks":11,"minecraft:kelp":52,"minecraft:rabbit_hide":2,"minecraft:iron_ingot":44,"minecraft:stone_pickaxe":1,"minecraft:acacia_sapling":21,"sophisticatedbackpacks:diamond_backpack":1,"minecraft:green_dye":2,"create:mechanical_saw":1,"minecraft:book":51,"minecraft:warped_fungus":1,"create:large_water_wheel":8,"minecraft:pumpkin":6,"minecraft:quartz":285,"minecraft:dandelion":2,"minecraft:gravel":16,"minecraft:green_carpet":2,"minecraft:spider_eye":3,"create:wheat_flour":14,"create:millstone":1,"minecraft:diamond_shovel":6,"minecraft:stone_axe":6,"minecraft:diamond_axe":2,"minecraft:terracotta":23,"minecraft:coal":477},"minecraft:killed":{"minecraft:spider":5,"minecraft:skeleton":15,"minecraft:chicken":2,"minecraft:silverfish":4,"minecraft:piglin":1,"minecraft:pig":5,"minecraft:salmon":18,"minecraft:iron_golem":6,"minecraft:creeper":12,"minecraft:trader_llama":4,"minecraft:pillager":7,"minecraft:zombie":33,"minecraft:cow":3,"minecraft:drowned":2,"minecraft:husk":3,"minecraft:rabbit":3,"minecraft:wandering_trader":2,"minecraft:hoglin":7,"minecraft:villager":1},"minecraft:dropped":{"sophisticatedbackpacks:iron_backpack":1,"minecraft:diamond_axe":1,"minecraft:oak_log":8,"minecraft:diamond":35,"minecraft:dirt":18,"minecraft:dark_oak_log":21,"minecraft:dark_oak_fence":8,"minecraft:bone_meal":1,"minecraft:sand":5,"minecraft:gold_ingot":27,"minecraft:bone":8,"minecraft:gravel":2,"minecraft:ancient_debris":10,"minecraft:cobbled_deepslate":88,"minecraft:wheat":114,"minecraft:rotten_flesh":15,"minecraft:poppy":2,"minecraft:arrow":11,"minecraft:enchanting_table":1,"minecraft:iron_ingot":5,"minecraft:golden_boots":1,"minecraft:wheat_seeds":10,"minecraft:granite":13,"minecraft:grass_block":2,"minecraft:golden_apple":1,"minecraft:stick":13,"minecraft:iron_leggings":1,"minecraft:green_carpet":2,"minecraft:string":10,"minecraft:light_gray_terracotta":1,"minecraft:raw_iron":1,"minecraft:diamond_pickaxe":1,"minecraft:andesite":5,"minecraft:mossy_stone_bricks":2,"minecraft:spider_eye":1,"minecraft:sandstone":11,"minecraft:terracotta":17}},"DataVersion":2975}