{"stats":{"minecraft:crafted":{"minecraft:oak_planks":772,"minecraft:diamond_shovel":2,"minecraft:bookshelf":4,"minecraft:cooked_mutton":1,"minecraft:diamond_helmet":2,"minecraft:diamond_leggings":2,"create:mechanical_press":1,"minecraft:chest":3,"create:cogwheel":1,"minecraft:oak_slab":6,"minecraft:wooden_shovel":2,"minecraft:emerald":47,"minecraft:diamond_axe":1,"minecraft:crafting_table":5,"minecraft:wooden_pickaxe":1,"minecraft:iron_helmet":1,"minecraft:smithing_table":1,"minecraft:copper_ingot":38,"minecraft:fletching_table":1,"minecraft:charcoal":8,"minecraft:diamond_pickaxe":2,"minecraft:shield":2,"sophisticatedbackpacks:diamond_backpack":1,"minecraft:stick":2232,"minecraft:iron_ingot":189,"minecraft:iron_pickaxe":4,"minecraft:iron_block":4,"minecraft:stone_sword":1,"minecraft:gold_ingot":40,"minecraft:shears":1,"minecraft:stone_shovel":3,"create:wrench":1,"minecraft:iron_nugget":36,"create:white_sail":6,"minecraft:furnace":2,"minecraft:bone_meal":9,"minecraft:iron_axe":2,"minecraft:iron_hoe":1,"minecraft:stone_pickaxe":1,"minecraft:diamond_boots":2,"create:windmill_bearing":1,"minecraft:wheat":837,"create:andesite_alloy":15,"minecraft:diamond_sword":2,"minecraft:cooked_salmon":17,"sophisticatedbackpacks:gold_backpack":1,"minecraft:stone_axe":5,"minecraft:enchanted_book":2,"minecraft:acacia_boat":1,"minecraft:bread":285,"minecraft:air":0,"minecraft:wooden_axe":2,"minecraft:iron_leggings":1,"minecraft:anvil":1,"create:shaft":8,"minecraft:acacia_planks":448,"minecraft:torch":660,"create:zinc_ingot":8,"minecraft:diamond_chestplate":3},"minecraft:custom":{"minecraft:interact_with_crafting_table":80,"minecraft:bell_ring":1,"minecraft:leave_game":27,"minecraft:time_since_death":29515,"minecraft:sprint_one_cm":1426571,"minecraft:damage_blocked_by_shield":2185,"minecraft:drop":61,"minecraft:talked_to_villager":125,"minecraft:play_time":524408,"minecraft:deaths":10,"minecraft:jump":10097,"minecraft:walk_on_water_one_cm":53658,"minecraft:enchant_item":5,"minecraft:interact_with_furnace":107,"minecraft:traded_with_villager":57,"minecraft:interact_with_cartography_table":1,"minecraft:sleep_in_bed":18,"minecraft:damage_dealt":14091,"minecraft:player_kills":3,"minecraft:crouch_one_cm":14907,"minecraft:interact_with_smoker":1,"minecraft:interact_with_smithing_table":3,"minecraft:interact_with_anvil":5,"minecraft:mob_kills":118,"minecraft:climb_one_cm":1277,"minecraft:walk_one_cm":1249357,"minecraft:sneak_time":6384,"minecraft:walk_under_water_one_cm":42286,"minecraft:boat_one_cm":1815,"minecraft:interact_with_blast_furnace":1,"minecraft:total_world_time":524408,"minecraft:time_since_rest":11183,"minecraft:damage_taken":8313,"minecraft:swim_one_cm":105996,"minecraft:fly_one_cm":2104746,"minecraft:open_chest":93,"minecraft:fall_one_cm":267290},"minecraft:mined":{"minecraft:dark_oak_planks":2,"create:deepslate_zinc_ore":8,"create:andesite_casing":7,"minecraft:granite":18,"minecraft:red_sand":1,"minecraft:acacia_log":127,"minecraft:grass_block":22,"minecraft:composter":7,"minecraft:spawner":1,"minecraft:tall_seagrass":3,"minecraft:iron_ore":113,"minecraft:cobbled_deepslate":13,"minecraft:pumpkin":3,"minecraft:fletching_table":6,"minecraft:deepslate_lapis_ore":10,"minecraft:flowering_azalea_leaves":2,"minecraft:dirt_path":1,"minecraft:green_carpet":2,"minecraft:azalea_leaves":8,"create:limestone":3,"minecraft:deepslate_redstone_ore":18,"minecraft:cut_sandstone":3,"minecraft:orange_terracotta":5,"minecraft:torch":10,"minecraft:light_gray_terracotta":2,"minecraft:poppy":4,"minecraft:chest":1,"minecraft:cobblestone":16,"minecraft:cyan_bed":7,"minecraft:sugar_cane":3,"minecraft:oak_planks":8,"minecraft:iron_door":1,"minecraft:wall_torch":18,"minecraft:seagrass":3,"minecraft:white_terracotta":1,"minecraft:grass":133,"minecraft:oak_log":127,"minecraft:sand":184,"minecraft:dirt":38,"create:crimsite":9,"minecraft:oak_leaves":35,"minecraft:deepslate":299,"minecraft:yellow_terracotta":1,"create:zinc_ore":4,"minecraft:tuff":62,"minecraft:deepslate_diamond_ore":149,"minecraft:oak_door":1,"minecraft:dark_oak_log":16,"minecraft:dark_oak_fence":9,"minecraft:sandstone":51,"minecraft:hay_block":144,"minecraft:furnace":5,"minecraft:andesite":70,"minecraft:bookshelf":17,"minecraft:deepslate_iron_ore":93,"minecraft:stripped_oak_log":4,"minecraft:stone":233,"minecraft:smithing_table":34,"minecraft:acacia_leaves":9,"minecraft:infested_stone_bricks":1,"minecraft:dandelion":2,"minecraft:oak_fence":1,"minecraft:smooth_sandstone":7,"minecraft:crafting_table":34,"minecraft:lectern":14,"minecraft:tall_grass":18,"minecraft:copper_ore":10,"minecraft:lapis_ore":6,"minecraft:deepslate_gold_ore":6,"minecraft:diorite":13,"minecraft:red_terracotta":6,"minecraft:coal_ore":291,"minecraft:gravel":15,"minecraft:cobweb":4,"minecraft:brown_terracotta":1,"minecraft:cracked_stone_bricks":3,"minecraft:terracotta":20,"minecraft:stone_bricks":9,"minecraft:mossy_stone_bricks":3,"minecraft:gold_ore":27},"minecraft:killed_by":{"minecraft:creeper":3,"minecraft:drowned":1,"minecraft:player":4,"minecraft:skeleton":1},"minecraft:used":{"minecraft:red_sand":1,"minecraft:chest":3,"minecraft:shield":58,"minecraft:rotten_flesh":2,"create:white_sail":3,"minecraft:carrot":1,"minecraft:acacia_sapling":6,"minecraft:tuff":60,"minecraft:hay_block":11,"minecraft:furnace":5,"minecraft:oak_sapling":15,"minecraft:egg":3,"minecraft:potato":10,"cgm:heavy_rifle":106,"minecraft:diorite":14,"minecraft:diamond_boots":1,"minecraft:stone_pickaxe":131,"minecraft:oak_planks":22,"minecraft:wooden_pickaxe":13,"minecraft:sandstone":18,"minecraft:composter":5,"minecraft:diamond_axe":43,"minecraft:sand":58,"minecraft:cyan_bed":6,"minecraft:bread":138,"minecraft:lectern":15,"minecraft:iron_door":1,"minecraft:gravel":5,"minecraft:diamond_sword":70,"minecraft:smithing_table":35,"minecraft:andesite":19,"minecraft:bone_meal":9,"minecraft:experience_bottle":1,"minecraft:stone_sword":113,"minecraft:acacia_log":11,"minecraft:stone_shovel":19,"minecraft:wooden_shovel":118,"minecraft:cooked_salmon":17,"minecraft:torch":638,"minecraft:dirt":51,"minecraft:anvil":1,"minecraft:diamond_helmet":1,"minecraft:golden_shovel":33,"minecraft:iron_hoe":37,"minecraft:dark_oak_planks":2,"minecraft:wooden_axe":62,"minecraft:bookshelf":4,"minecraft:iron_axe":35,"minecraft:diamond_chestplate":1,"minecraft:cobbled_deepslate":186,"minecraft:pumpkin":3,"minecraft:cooked_mutton":1,"minecraft:acacia_boat":1,"minecraft:fletching_table":7,"minecraft:cracked_stone_bricks":4,"minecraft:crafting_table":34,"minecraft:oak_log":3,"minecraft:diamond_pickaxe":369,"minecraft:apple":5,"minecraft:diamond_shovel":70,"create:mechanical_press":1,"create:windmill_bearing":1,"minecraft:iron_pickaxe":1103,"minecraft:stone_axe":438,"minecraft:cobblestone":186,"minecraft:porkchop":1,"create:hand_crank":1,"minecraft:diamond_leggings":1},"minecraft:broken":{"minecraft:wooden_shovel":2,"minecraft:golden_shovel":1,"minecraft:stone_pickaxe":1,"minecraft:stone_axe":3,"minecraft:stone_sword":1,"minecraft:iron_pickaxe":3},"minecraft:picked_up":{"minecraft:wheat":106,"minecraft:smithing_table":34,"minecraft:lead":5,"minecraft:enchanted_book":1,"minecraft:golden_shovel":1,"minecraft:string":16,"minecraft:raw_copper":38,"minecraft:diamond_leggings":3,"minecraft:red_sand":1,"minecraft:cobbled_deepslate":339,"minecraft:iron_pickaxe":5,"cgm:advanced_bullet":313,"minecraft:furnace":6,"minecraft:stick":67,"create:andesite_casing":7,"minecraft:composter":9,"minecraft:brown_terracotta":1,"minecraft:oak_fence":1,"minecraft:acacia_log":157,"minecraft:torch":256,"minecraft:porkchop":9,"minecraft:diorite":15,"minecraft:stone_sword":1,"minecraft:rotten_flesh":49,"minecraft:white_terracotta":2,"minecraft:obsidian":1,"minecraft:cobblestone":308,"minecraft:enchanting_table":1,"minecraft:iron_door":1,"minecraft:andesite":79,"minecraft:potato":9,"minecraft:flint":3,"minecraft:tuff":61,"create:raw_zinc":12,"cgm:heavy_rifle":5,"minecraft:acacia_boat":1,"minecraft:lapis_lazuli":234,"minecraft:dirt":74,"minecraft:bone":31,"minecraft:wheat_seeds":16,"minecraft:raw_gold":36,"minecraft:rabbit":3,"minecraft:fletching_table":6,"minecraft:diamond_helmet":3,"minecraft:mossy_stone_bricks":2,"minecraft:oak_planks":51,"minecraft:sand":281,"sophisticatedbackpacks:iron_backpack":3,"minecraft:grass_block":2,"minecraft:cyan_bed":8,"minecraft:red_terracotta":12,"minecraft:dark_oak_log":36,"minecraft:light_gray_terracotta":2,"minecraft:diamond":152,"minecraft:granite":19,"minecraft:bone_meal":2,"minecraft:golden_apple":1,"minecraft:bread":203,"minecraft:emerald":21,"minecraft:oak_sapling":17,"minecraft:dark_oak_fence":16,"minecraft:diamond_pickaxe":3,"minecraft:charcoal":3,"minecraft:crafting_table":40,"minecraft:chicken":2,"minecraft:iron_axe":2,"minecraft:flint_and_steel":2,"minecraft:cracked_stone_bricks":4,"minecraft:beef":7,"minecraft:poppy":5,"minecraft:lectern":15,"minecraft:chest":2,"minecraft:sugar_cane":14,"minecraft:egg":5,"minecraft:raw_iron":218,"minecraft:sandstone":51,"minecraft:oak_door":1,"create:golden_sheet":3,"sophisticatedbackpacks:backpack":3,"minecraft:carrot":1,"minecraft:redstone":159,"minecraft:stone_pressure_plate":1,"create:zinc_ingot":8,"minecraft:dark_oak_planks":3,"minecraft:tnt":9,"minecraft:diamond_chestplate":2,"minecraft:arrow":27,"minecraft:stone_shovel":10,"minecraft:diamond_boots":3,"minecraft:hay_block":156,"minecraft:yellow_terracotta":1,"minecraft:gold_ingot":7,"minecraft:white_wool":3,"minecraft:rail":12,"minecraft:stripped_oak_log":4,"minecraft:clock":1,"minecraft:glow_ink_sac":1,"minecraft:salmon":17,"minecraft:cut_sandstone":5,"minecraft:leather":6,"minecraft:oak_log":138,"minecraft:golden_boots":2,"minecraft:gunpowder":28,"minecraft:orange_terracotta":5,"minecraft:smooth_sandstone":7,"minecraft:stone_bricks":11,"minecraft:rabbit_hide":2,"minecraft:iron_ingot":44,"minecraft:stone_pickaxe":1,"minecraft:acacia_sapling":21,"minecraft:book":51,"minecraft:pumpkin":6,"minecraft:dandelion":2,"minecraft:gravel":10,"minecraft:green_carpet":2,"minecraft:spider_eye":3,"minecraft:diamond_shovel":5,"minecraft:stone_axe":6,"minecraft:diamond_axe":2,"minecraft:terracotta":23,"minecraft:coal":391},"minecraft:killed":{"minecraft:spider":4,"minecraft:skeleton":15,"minecraft:chicken":2,"minecraft:silverfish":4,"minecraft:pig":4,"minecraft:salmon":18,"minecraft:iron_golem":6,"minecraft:creeper":12,"minecraft:trader_llama":4,"minecraft:pillager":1,"minecraft:zombie":33,"minecraft:cow":3,"minecraft:drowned":2,"minecraft:husk":3,"minecraft:rabbit":3,"minecraft:wandering_trader":2,"minecraft:villager":1},"minecraft:dropped":{"sophisticatedbackpacks:iron_backpack":1,"minecraft:diamond_axe":1,"minecraft:oak_log":8,"minecraft:diamond":32,"minecraft:dirt":18,"minecraft:dark_oak_log":21,"minecraft:dark_oak_fence":8,"minecraft:bone_meal":1,"minecraft:sand":5,"minecraft:gold_ingot":10,"minecraft:bone":8,"minecraft:gravel":2,"minecraft:cobbled_deepslate":88,"minecraft:wheat":64,"minecraft:rotten_flesh":15,"minecraft:poppy":2,"minecraft:arrow":11,"minecraft:enchanting_table":1,"minecraft:iron_ingot":4,"minecraft:golden_boots":1,"minecraft:wheat_seeds":10,"minecraft:granite":13,"minecraft:grass_block":2,"minecraft:golden_apple":1,"minecraft:stick":13,"minecraft:iron_leggings":1,"minecraft:green_carpet":2,"minecraft:string":10,"minecraft:light_gray_terracotta":1,"minecraft:raw_iron":1,"minecraft:andesite":5,"minecraft:mossy_stone_bricks":2,"minecraft:spider_eye":1,"minecraft:sandstone":11,"minecraft:terracotta":17}},"DataVersion":2975}