{"stats":{"minecraft:used":{"minecraft:stone_sword":113,"minecraft:red_sand":1,"minecraft:acacia_log":11,"minecraft:stone_shovel":16,"minecraft:chest":3,"minecraft:shield":58,"minecraft:wooden_shovel":118,"minecraft:cooked_salmon":17,"minecraft:rotten_flesh":2,"minecraft:torch":376,"minecraft:dirt":41,"minecraft:carrot":1,"minecraft:golden_shovel":33,"minecraft:diamond_helmet":1,"minecraft:tuff":60,"minecraft:acacia_sapling":6,"minecraft:dark_oak_planks":2,"minecraft:wooden_axe":62,"minecraft:bookshelf":4,"minecraft:iron_axe":29,"minecraft:hay_block":11,"minecraft:oak_sapling":15,"minecraft:furnace":5,"minecraft:egg":3,"minecraft:potato":9,"minecraft:cobbled_deepslate":114,"minecraft:pumpkin":3,"cgm:heavy_rifle":64,"minecraft:acacia_boat":1,"minecraft:diorite":14,"minecraft:oak_planks":22,"minecraft:stone_pickaxe":131,"minecraft:wooden_pickaxe":13,"minecraft:diamond_axe":43,"minecraft:composter":5,"minecraft:fletching_table":7,"minecraft:sandstone":18,"minecraft:cracked_stone_bricks":4,"minecraft:sand":58,"minecraft:crafting_table":26,"minecraft:oak_log":2,"minecraft:diamond_pickaxe":336,"minecraft:apple":5,"minecraft:diamond_shovel":63,"minecraft:bread":111,"minecraft:cyan_bed":6,"minecraft:iron_pickaxe":630,"minecraft:lectern":15,"minecraft:gravel":5,"minecraft:iron_door":1,"minecraft:stone_axe":397,"minecraft:diamond_sword":70,"minecraft:cobblestone":97,"minecraft:andesite":14,"minecraft:porkchop":1,"minecraft:smithing_table":35,"minecraft:bone_meal":9,"minecraft:experience_bottle":1},"minecraft:mined":{"minecraft:dark_oak_planks":2,"create:deepslate_zinc_ore":8,"minecraft:tuff":61,"minecraft:deepslate_diamond_ore":112,"minecraft:oak_door":1,"create:andesite_casing":6,"minecraft:dark_oak_log":16,"minecraft:dark_oak_fence":9,"minecraft:granite":13,"minecraft:red_sand":1,"minecraft:acacia_log":127,"minecraft:grass_block":18,"minecraft:composter":7,"minecraft:sandstone":51,"minecraft:spawner":1,"minecraft:hay_block":130,"minecraft:tall_seagrass":3,"minecraft:furnace":5,"minecraft:iron_ore":55,"minecraft:cobbled_deepslate":13,"minecraft:andesite":44,"minecraft:pumpkin":3,"minecraft:deepslate_lapis_ore":6,"minecraft:fletching_table":6,"minecraft:dirt_path":1,"minecraft:bookshelf":17,"minecraft:flowering_azalea_leaves":2,"minecraft:deepslate_iron_ore":71,"minecraft:stripped_oak_log":4,"minecraft:green_carpet":2,"minecraft:azalea_leaves":8,"minecraft:stone":144,"create:limestone":3,"minecraft:smithing_table":34,"minecraft:deepslate_redstone_ore":16,"minecraft:cut_sandstone":3,"minecraft:acacia_leaves":9,"minecraft:infested_stone_bricks":1,"minecraft:orange_terracotta":1,"minecraft:dandelion":2,"minecraft:oak_fence":1,"minecraft:smooth_sandstone":7,"minecraft:light_gray_terracotta":1,"minecraft:crafting_table":26,"minecraft:torch":7,"minecraft:poppy":4,"minecraft:chest":1,"minecraft:lectern":14,"minecraft:copper_ore":4,"minecraft:tall_grass":18,"minecraft:cobblestone":8,"minecraft:lapis_ore":5,"minecraft:oak_planks":7,"minecraft:sugar_cane":3,"minecraft:deepslate_gold_ore":6,"minecraft:cyan_bed":7,"minecraft:iron_door":1,"minecraft:wall_torch":9,"minecraft:diorite":12,"minecraft:seagrass":3,"minecraft:grass":112,"minecraft:coal_ore":171,"minecraft:oak_log":127,"minecraft:gravel":12,"minecraft:sand":184,"minecraft:dirt":37,"minecraft:cobweb":4,"minecraft:cracked_stone_bricks":3,"minecraft:terracotta":17,"minecraft:stone_bricks":9,"minecraft:gold_ore":16,"create:crimsite":9,"minecraft:mossy_stone_bricks":3,"minecraft:oak_leaves":35,"minecraft:deepslate":213},"minecraft:crafted":{"minecraft:oak_planks":504,"minecraft:stone_shovel":3,"minecraft:iron_nugget":18,"minecraft:furnace":2,"minecraft:bone_meal":9,"minecraft:diamond_shovel":2,"minecraft:bookshelf":4,"minecraft:cooked_mutton":1,"minecraft:diamond_helmet":1,"minecraft:diamond_leggings":1,"minecraft:iron_axe":1,"minecraft:stone_pickaxe":1,"minecraft:chest":3,"minecraft:diamond_boots":1,"minecraft:wheat":711,"create:andesite_alloy":6,"minecraft:wooden_shovel":2,"minecraft:diamond_sword":2,"minecraft:emerald":47,"minecraft:diamond_axe":1,"minecraft:crafting_table":5,"minecraft:wooden_pickaxe":1,"minecraft:iron_helmet":1,"minecraft:smithing_table":1,"minecraft:cooked_salmon":17,"minecraft:fletching_table":1,"minecraft:stone_axe":5,"minecraft:enchanted_book":2,"minecraft:bread":243,"minecraft:acacia_boat":1,"minecraft:air":0,"minecraft:diamond_pickaxe":1,"minecraft:charcoal":8,"minecraft:shield":2,"minecraft:stick":1696,"minecraft:iron_ingot":74,"minecraft:iron_pickaxe":3,"minecraft:wooden_axe":2,"minecraft:stone_sword":1,"minecraft:iron_leggings":1,"minecraft:gold_ingot":7,"minecraft:acacia_planks":448,"minecraft:torch":440,"create:zinc_ingot":8,"minecraft:diamond_chestplate":2},"minecraft:broken":{"minecraft:wooden_shovel":2,"minecraft:stone_sword":1,"minecraft:golden_shovel":1,"minecraft:stone_pickaxe":1,"minecraft:stone_axe":3,"minecraft:iron_pickaxe":1},"minecraft:custom":{"minecraft:interact_with_smithing_table":3,"minecraft:mob_kills":77,"minecraft:interact_with_crafting_table":59,"minecraft:bell_ring":1,"minecraft:leave_game":26,"minecraft:time_since_death":68671,"minecraft:climb_one_cm":1277,"minecraft:sprint_one_cm":1094781,"minecraft:walk_one_cm":973735,"minecraft:damage_blocked_by_shield":2185,"minecraft:drop":51,"minecraft:talked_to_villager":114,"minecraft:play_time":430417,"minecraft:sneak_time":6177,"minecraft:deaths":6,"minecraft:walk_under_water_one_cm":42286,"minecraft:boat_one_cm":1815,"minecraft:jump":8871,"minecraft:interact_with_blast_furnace":1,"minecraft:walk_on_water_one_cm":51835,"minecraft:enchant_item":5,"minecraft:total_world_time":430417,"minecraft:interact_with_furnace":74,"minecraft:traded_with_villager":57,"minecraft:interact_with_cartography_table":1,"minecraft:sleep_in_bed":16,"minecraft:time_since_rest":19780,"minecraft:damage_taken":6377,"minecraft:damage_dealt":11538,"minecraft:player_kills":3,"minecraft:swim_one_cm":105996,"minecraft:fly_one_cm":1913477,"minecraft:open_chest":73,"minecraft:crouch_one_cm":13908,"minecraft:interact_with_smoker":1,"minecraft:fall_one_cm":239853},"minecraft:picked_up":{"minecraft:charcoal":3,"minecraft:crafting_table":29,"minecraft:wheat":106,"minecraft:chicken":2,"minecraft:lead":3,"minecraft:smithing_table":34,"minecraft:enchanted_book":1,"minecraft:golden_shovel":1,"minecraft:raw_copper":17,"minecraft:string":11,"minecraft:iron_axe":1,"minecraft:flint_and_steel":2,"minecraft:cracked_stone_bricks":4,"minecraft:diamond_leggings":1,"minecraft:red_sand":1,"minecraft:cobbled_deepslate":212,"minecraft:beef":7,"minecraft:iron_pickaxe":1,"minecraft:poppy":5,"minecraft:lectern":15,"minecraft:sugar_cane":14,"minecraft:chest":2,"cgm:advanced_bullet":264,"minecraft:furnace":6,"minecraft:egg":5,"minecraft:raw_iron":121,"minecraft:stick":53,"minecraft:sandstone":51,"minecraft:oak_door":1,"minecraft:composter":9,"minecraft:oak_fence":1,"minecraft:torch":42,"minecraft:acacia_log":157,"create:andesite_casing":6,"minecraft:porkchop":9,"minecraft:diorite":14,"minecraft:carrot":1,"minecraft:redstone":132,"create:zinc_ingot":8,"minecraft:stone_pressure_plate":1,"minecraft:dark_oak_planks":3,"minecraft:tnt":9,"minecraft:stone_sword":1,"minecraft:arrow":18,"minecraft:stone_shovel":4,"minecraft:rotten_flesh":25,"minecraft:diamond_boots":1,"minecraft:hay_block":142,"minecraft:obsidian":1,"minecraft:cobblestone":162,"minecraft:stripped_oak_log":4,"minecraft:enchanting_table":1,"minecraft:clock":1,"minecraft:glow_ink_sac":1,"minecraft:iron_door":1,"minecraft:andesite":53,"minecraft:salmon":17,"minecraft:leather":3,"minecraft:cut_sandstone":5,"minecraft:potato":6,"minecraft:flint":2,"minecraft:tuff":60,"create:raw_zinc":8,"minecraft:oak_log":135,"cgm:heavy_rifle":2,"minecraft:golden_boots":2,"minecraft:gunpowder":8,"minecraft:acacia_boat":1,"minecraft:lapis_lazuli":152,"minecraft:dirt":69,"minecraft:orange_terracotta":1,"minecraft:smooth_sandstone":7,"minecraft:bone":18,"minecraft:stone_bricks":11,"minecraft:wheat_seeds":16,"minecraft:raw_gold":24,"minecraft:rabbit_hide":2,"minecraft:iron_ingot":35,"minecraft:stone_pickaxe":1,"minecraft:mossy_stone_bricks":2,"minecraft:rabbit":3,"minecraft:fletching_table":6,"minecraft:diamond_helmet":1,"minecraft:oak_planks":49,"minecraft:acacia_sapling":21,"minecraft:book":51,"minecraft:pumpkin":6,"minecraft:dandelion":2,"minecraft:gravel":7,"minecraft:sand":281,"minecraft:grass_block":2,"minecraft:cyan_bed":8,"minecraft:green_carpet":2,"minecraft:dark_oak_log":36,"minecraft:spider_eye":1,"minecraft:light_gray_terracotta":1,"minecraft:diamond_shovel":2,"minecraft:diamond":115,"minecraft:stone_axe":5,"minecraft:granite":13,"minecraft:diamond_axe":2,"minecraft:bone_meal":2,"minecraft:golden_apple":1,"minecraft:emerald":21,"minecraft:bread":137,"minecraft:terracotta":17,"minecraft:oak_sapling":17,"minecraft:dark_oak_fence":16,"minecraft:coal":232,"minecraft:diamond_pickaxe":1},"minecraft:dropped":{"sophisticatedbackpacks:iron_backpack":1,"minecraft:golden_boots":1,"minecraft:iron_ingot":4,"minecraft:wheat_seeds":10,"minecraft:diamond_axe":1,"minecraft:oak_log":8,"minecraft:diamond":32,"minecraft:granite":13,"minecraft:grass_block":2,"minecraft:golden_apple":1,"minecraft:stick":13,"minecraft:dirt":18,"minecraft:dark_oak_log":21,"minecraft:dark_oak_fence":8,"minecraft:green_carpet":2,"minecraft:iron_leggings":1,"minecraft:bone_meal":1,"minecraft:sand":5,"minecraft:string":10,"minecraft:bone":8,"minecraft:gravel":2,"minecraft:cobbled_deepslate":88,"minecraft:light_gray_terracotta":1,"minecraft:wheat":64,"minecraft:raw_iron":1,"minecraft:rotten_flesh":15,"minecraft:poppy":2,"minecraft:andesite":5,"minecraft:mossy_stone_bricks":2,"minecraft:spider_eye":1,"minecraft:sandstone":11,"minecraft:arrow":11,"minecraft:enchanting_table":1,"minecraft:terracotta":17},"minecraft:killed_by":{"minecraft:player":2,"minecraft:creeper":2,"minecraft:drowned":1},"minecraft:killed":{"minecraft:spider":1,"minecraft:skeleton":10,"minecraft:chicken":2,"minecraft:silverfish":4,"minecraft:drowned":2,"minecraft:husk":3,"minecraft:pig":4,"minecraft:salmon":18,"minecraft:rabbit":3,"minecraft:iron_golem":6,"minecraft:wandering_trader":1,"minecraft:creeper":2,"minecraft:trader_llama":2,"minecraft:pillager":1,"minecraft:zombie":13,"minecraft:villager":1,"minecraft:cow":3}},"DataVersion":2975}