{"stats":{"minecraft:crafted":{"minecraft:black_dye":1,"minecraft:grindstone":1,"minecraft:light_gray_concrete_powder":8,"minecraft:oak_planks":8300,"minecraft:smooth_stone":3,"minecraft:cobblestone_slab":180,"minecraft:oak_sign":9,"minecraft:stone":6,"minecraft:lever":1,"minecraft:diamond_shovel":1,"minecraft:bookshelf":27,"minecraft:gray_wool":1,"minecraft:cooked_mutton":15,"minecraft:suspicious_stew":4,"minecraft:glass":69,"minecraft:hopper":10,"minecraft:diamond_helmet":1,"minecraft:diamond_leggings":1,"minecraft:iron_boots":10,"minecraft:raw_copper":9,"create:cart_assembler":1,"minecraft:chest":19,"minecraft:rail":16,"minecraft:stone_hoe":1,"create:cogwheel":3,"minecraft:oak_slab":18,"sophisticatedbackpacks:backpack":1,"minecraft:emerald":742,"minecraft:diamond_axe":3,"minecraft:crafting_table":2,"minecraft:wooden_pickaxe":1,"minecraft:smithing_table":1,"minecraft:copper_ingot":58,"minecraft:fletching_table":2,"minecraft:birch_planks":2880,"minecraft:lectern":3,"minecraft:iron_chestplate":1,"minecraft:book":11,"minecraft:paper":27,"minecraft:diamond_pickaxe":1,"create:water_wheel":4,"minecraft:shield":1,"minecraft:stick":21705,"minecraft:stone_slab":6,"minecraft:compass":3,"minecraft:iron_ingot":273,"minecraft:iron_pickaxe":1,"minecraft:iron_block":3,"minecraft:stone_sword":1,"create:large_cogwheel":3,"minecraft:light_gray_dye":1,"minecraft:nautilus_shell":5,"minecraft:golden_carrot":37,"minecraft:cookie":126,"minecraft:redstone":29,"minecraft:stone_shovel":1,"minecraft:iron_nugget":63,"minecraft:experience_bottle":2,"minecraft:furnace":2,"minecraft:blast_furnace":1,"minecraft:gray_dye":2,"minecraft:bone_meal":3,"minecraft:iron_axe":21,"minecraft:ender_pearl":16,"minecraft:stone_pickaxe":4,"minecraft:diamond_boots":1,"minecraft:redstone_block":1,"cgm:workbench":1,"minecraft:chainmail_leggings":42,"minecraft:minecart":1,"minecraft:wheat":216,"minecraft:red_dye":1,"create:andesite_alloy":26,"minecraft:diamond_sword":1,"minecraft:enchanting_table":1,"create:large_water_wheel":4,"minecraft:bucket":3,"minecraft:stone_axe":16,"minecraft:glowstone":8,"minecraft:enchanted_book":1,"minecraft:bread":133,"minecraft:air":0,"minecraft:oak_boat":3,"minecraft:white_dye":1,"minecraft:anvil":1,"create:shaft":16,"create:mechanical_drill":1,"minecraft:pumpkin_pie":48,"minecraft:torch":4,"minecraft:lapis_lazuli":12,"minecraft:diamond_chestplate":1},"minecraft:custom":{"minecraft:interact_with_crafting_table":98,"minecraft:leave_game":12,"minecraft:time_since_death":463714,"minecraft:sprint_one_cm":1368379,"minecraft:drop":180,"minecraft:talked_to_villager":262,"minecraft:play_time":549261,"minecraft:deaths":1,"minecraft:jump":9612,"minecraft:walk_on_water_one_cm":64096,"minecraft:enchant_item":10,"minecraft:interact_with_furnace":41,"minecraft:traded_with_villager":961,"minecraft:sleep_in_bed":36,"minecraft:damage_dealt":6256,"minecraft:crouch_one_cm":13438,"minecraft:horse_one_cm":3180,"minecraft:mob_kills":74,"minecraft:interact_with_anvil":1,"minecraft:walk_one_cm":866715,"minecraft:sneak_time":8432,"minecraft:walk_under_water_one_cm":42930,"minecraft:boat_one_cm":3099,"minecraft:interact_with_blast_furnace":32,"minecraft:total_world_time":549261,"minecraft:interact_with_grindstone":9,"minecraft:time_since_rest":20804,"minecraft:damage_taken":2151,"minecraft:swim_one_cm":178079,"minecraft:fly_one_cm":2277924,"minecraft:open_chest":304,"minecraft:fall_one_cm":297594},"minecraft:mined":{"minecraft:stone_pressure_plate":1,"minecraft:white_bed":8,"minecraft:farmland":1,"create:andesite_casing":1,"minecraft:potted_cactus":1,"minecraft:brewing_stand":1,"minecraft:obsidian":15,"minecraft:granite":104,"minecraft:red_sand":6,"minecraft:grass_block":61,"minecraft:composter":2,"minecraft:oxeye_daisy":3,"minecraft:iron_ore":290,"minecraft:pumpkin":25,"minecraft:fletching_table":2,"minecraft:azure_bluet":3,"minecraft:dirt_path":12,"minecraft:light_gray_concrete":3,"minecraft:cut_sandstone":2,"minecraft:amethyst_cluster":26,"minecraft:blast_furnace":1,"minecraft:calcite":7,"minecraft:poppy":1,"minecraft:dead_bush":70,"minecraft:cobblestone":36,"minecraft:grindstone":1,"minecraft:sugar_cane":21,"minecraft:oak_planks":20,"minecraft:amethyst_block":6,"minecraft:seagrass":2,"minecraft:birch_log":772,"minecraft:wheat":4,"minecraft:tnt":9,"minecraft:grass":55,"minecraft:oak_log":2200,"minecraft:sand":81,"minecraft:dirt":106,"minecraft:smooth_basalt":3,"minecraft:raw_copper_block":1,"minecraft:oak_leaves":489,"minecraft:deepslate":37,"create:zinc_ore":3,"minecraft:diamond_ore":9,"minecraft:tuff":7,"minecraft:mossy_cobblestone":1,"minecraft:deepslate_diamond_ore":11,"create:ochrum":33,"minecraft:sandstone":11,"minecraft:hay_block":24,"minecraft:redstone_ore":8,"minecraft:furnace":1,"minecraft:carrots":22,"minecraft:andesite":121,"minecraft:bell":1,"minecraft:bookshelf":9,"minecraft:deepslate_iron_ore":12,"create:cart_assembler":1,"minecraft:stripped_oak_log":31,"minecraft:stone":993,"minecraft:smithing_table":1,"minecraft:oak_slab":1,"minecraft:redstone_block":1,"minecraft:spruce_door":1,"minecraft:dandelion":3,"minecraft:crafting_table":8,"minecraft:lectern":35,"minecraft:tall_grass":9,"minecraft:copper_ore":39,"minecraft:lapis_ore":8,"minecraft:diorite":72,"minecraft:birch_leaves":18,"minecraft:yellow_bed":1,"minecraft:coal_ore":94,"minecraft:dripstone_block":18,"minecraft:sunflower":4,"minecraft:gravel":49,"minecraft:gold_ore":16},"minecraft:killed_by":{"minecraft:iron_golem":1},"minecraft:used":{"minecraft:chest":6,"minecraft:carrot":30,"minecraft:azure_bluet":2,"minecraft:lava_bucket":9,"create:shaft":1,"minecraft:furnace":2,"minecraft:oak_sapling":7,"create:mechanical_drill":1,"minecraft:egg":16,"minecraft:spruce_door":1,"minecraft:stone_pickaxe":449,"minecraft:oak_planks":19,"minecraft:ender_pearl":3,"minecraft:wooden_pickaxe":27,"minecraft:sandstone":11,"minecraft:redstone_block":1,"minecraft:composter":2,"minecraft:diamond_axe":2584,"minecraft:cookie":5,"minecraft:golden_hoe":21,"minecraft:blast_furnace":2,"minecraft:bread":73,"minecraft:lectern":38,"cgm:assault_rifle":71,"minecraft:gravel":22,"minecraft:diamond_sword":42,"minecraft:grindstone":2,"minecraft:smithing_table":2,"minecraft:birch_log":19,"minecraft:oak_boat":6,"minecraft:experience_bottle":2,"minecraft:enchanting_table":1,"minecraft:stone_sword":33,"minecraft:stone_shovel":28,"minecraft:stone_hoe":2,"minecraft:brewing_stand":1,"minecraft:dirt":124,"minecraft:anvil":1,"cgm:workbench":1,"minecraft:hopper":1,"minecraft:bookshelf":24,"minecraft:iron_axe":181,"create:cart_assembler":1,"minecraft:diamond_chestplate":1,"minecraft:golden_carrot":12,"minecraft:minecart":1,"minecraft:golden_axe":33,"minecraft:water_bucket":55,"minecraft:rabbit":2,"minecraft:cut_sandstone":2,"minecraft:fletching_table":4,"minecraft:salmon":10,"minecraft:rail":1,"minecraft:oak_slab":2,"minecraft:crafting_table":9,"minecraft:light_gray_concrete_powder":3,"minecraft:oak_log":69,"minecraft:flower_pot":1,"minecraft:diamond_pickaxe":1312,"minecraft:oxeye_daisy":1,"minecraft:diamond_shovel":166,"minecraft:iron_pickaxe":250,"minecraft:suspicious_stew":2,"minecraft:stone_slab":2,"create:large_water_wheel":4,"minecraft:stone_axe":658,"minecraft:cobblestone":352,"minecraft:bucket":67,"minecraft:dandelion":2,"minecraft:diamond_leggings":2,"minecraft:chainmail_leggings":1},"minecraft:broken":{"minecraft:stone_pickaxe":3,"minecraft:stone_axe":5,"minecraft:golden_axe":1,"minecraft:iron_pickaxe":1},"minecraft:picked_up":{"minecraft:wheat":4,"minecraft:iron_chestplate":1,"cgm:basic_bullet":192,"minecraft:redstone_block":1,"minecraft:flower_pot":1,"minecraft:smithing_table":1,"minecraft:lead":2,"minecraft:brewing_stand":1,"minecraft:amethyst_block":5,"minecraft:raw_copper":134,"minecraft:sea_pickle":1,"create:cart_assembler":1,"minecraft:red_sand":6,"minecraft:cobbled_deepslate":37,"cgm:short_scope":1,"minecraft:calcite":5,"minecraft:iron_boots":1,"minecraft:furnace":1,"minecraft:stick":342,"cgm:light_grip":1,"minecraft:composter":2,"create:andesite_casing":1,"minecraft:diorite":71,"minecraft:stone_sword":2,"minecraft:cactus":1,"create:ochrum":33,"minecraft:obsidian":15,"minecraft:cobblestone":1075,"minecraft:birch_log":768,"minecraft:feather":2,"minecraft:andesite":121,"minecraft:flint":15,"minecraft:tuff":7,"create:raw_zinc":3,"minecraft:lapis_lazuli":55,"minecraft:dirt":178,"minecraft:wheat_seeds":17,"minecraft:raw_gold":31,"minecraft:bell":1,"minecraft:grindstone":1,"minecraft:rabbit":2,"minecraft:fletching_table":2,"minecraft:oak_planks":19,"minecraft:stone_hoe":1,"minecraft:sand":81,"minecraft:poisonous_potato":4,"minecraft:ink_sac":26,"minecraft:mossy_cobblestone":1,"minecraft:light_gray_concrete":3,"minecraft:diamond":20,"minecraft:granite":104,"minecraft:bread":57,"minecraft:oak_sapling":149,"minecraft:crafting_table":8,"minecraft:azure_bluet":2,"minecraft:shield":1,"minecraft:beef":43,"minecraft:oak_boat":4,"minecraft:poppy":1,"minecraft:minecart":1,"minecraft:lectern":35,"cgm:bazooka":1,"minecraft:sugar_cane":29,"minecraft:birch_sapling":21,"minecraft:raw_copper_block":1,"minecraft:egg":18,"minecraft:raw_iron":346,"minecraft:sandstone":11,"minecraft:carrot":68,"minecraft:redstone":51,"minecraft:stone_pressure_plate":1,"minecraft:tnt":9,"minecraft:stone_shovel":1,"minecraft:cooked_cod":1,"cgm:assault_rifle":1,"minecraft:hay_block":24,"minecraft:mutton":20,"minecraft:rail":1,"minecraft:white_wool":10,"minecraft:oxeye_daisy":3,"minecraft:stripped_oak_log":31,"minecraft:salmon":10,"minecraft:cut_sandstone":2,"minecraft:leather":22,"cgm:missile":3,"minecraft:oak_log":2185,"minecraft:yellow_bed":1,"minecraft:apple":23,"minecraft:rabbit_hide":2,"minecraft:iron_ingot":4,"minecraft:stone_pickaxe":1,"minecraft:book":27,"minecraft:oak_slab":1,"minecraft:smooth_basalt":3,"minecraft:pumpkin":25,"minecraft:dandelion":2,"minecraft:dripstone_block":18,"minecraft:gravel":35,"minecraft:amethyst_shard":212,"minecraft:blast_furnace":1,"minecraft:white_bed":8,"minecraft:spruce_door":1,"minecraft:leather_helmet":1,"cgm:tactical_stock":1,"minecraft:stone_axe":4,"minecraft:chainmail_leggings":7,"minecraft:diamond_axe":1,"minecraft:gray_wool":1,"minecraft:black_wool":1,"minecraft:coal":94,"minecraft:sunflower":4},"minecraft:killed":{"minecraft:dolphin":1,"minecraft:chicken":2,"minecraft:salmon":11,"minecraft:creeper":1,"minecraft:sheep":12,"minecraft:trader_llama":2,"minecraft:zombie":1,"minecraft:cow":22,"minecraft:horse":6,"minecraft:rabbit":2,"minecraft:wandering_trader":1,"minecraft:squid":13},"minecraft:dropped":{"minecraft:diamond_axe":2,"minecraft:oak_log":1,"minecraft:cookie":121,"minecraft:leather_helmet":1,"minecraft:flint":9,"minecraft:dirt":27,"minecraft:mutton":5,"minecraft:cooked_cod":1,"minecraft:pumpkin_pie":48,"minecraft:sunflower":3,"minecraft:white_wool":1,"minecraft:gravel":2,"minecraft:stone_axe":14,"minecraft:compass":3,"minecraft:cobbled_deepslate":14,"minecraft:birch_sapling":3,"minecraft:carrot":46,"minecraft:rabbit_hide":2,"minecraft:leather_leggings":1,"minecraft:beef":35,"minecraft:bread":62,"minecraft:wheat_seeds":16,"minecraft:dripstone_block":4,"minecraft:poisonous_potato":8,"minecraft:feather":2,"minecraft:cobblestone":41,"minecraft:amethyst_block":5,"minecraft:granite":16,"minecraft:stick":3,"minecraft:diorite":24,"minecraft:iron_axe":11,"minecraft:cactus":1,"minecraft:chainmail_leggings":48,"minecraft:smooth_basalt":3,"create:ochrum":9,"minecraft:stone_sword":2,"minecraft:raw_copper":15,"minecraft:tuff":3,"minecraft:bowl":2,"minecraft:stone_shovel":1,"minecraft:iron_boots":10,"minecraft:suspicious_stew":2,"minecraft:sea_pickle":1,"minecraft:iron_chestplate":1,"minecraft:oak_sapling":38,"minecraft:stone_pressure_plate":1,"minecraft:stone_pickaxe":1,"minecraft:red_sand":6,"minecraft:calcite":5,"minecraft:black_wool":1}},"DataVersion":2975}