{"stats":{"minecraft:custom":{"minecraft:interact_with_crafting_table":105,"minecraft:leave_game":13,"minecraft:time_since_death":899761,"minecraft:sprint_one_cm":1704580,"minecraft:drop":196,"minecraft:talked_to_villager":310,"minecraft:play_time":985308,"minecraft:deaths":1,"minecraft:jump":12312,"minecraft:walk_on_water_one_cm":106530,"minecraft:enchant_item":12,"minecraft:interact_with_furnace":51,"minecraft:traded_with_villager":1177,"minecraft:sleep_in_bed":48,"minecraft:damage_dealt":6256,"minecraft:crouch_one_cm":55757,"minecraft:horse_one_cm":3180,"minecraft:interact_with_anvil":5,"minecraft:mob_kills":80,"minecraft:walk_one_cm":1049292,"minecraft:sneak_time":24226,"minecraft:walk_under_water_one_cm":66526,"minecraft:boat_one_cm":6687,"minecraft:interact_with_blast_furnace":33,"minecraft:total_world_time":985308,"minecraft:interact_with_grindstone":13,"minecraft:time_since_rest":251005,"minecraft:damage_taken":2576,"minecraft:swim_one_cm":184080,"minecraft:fly_one_cm":2925955,"minecraft:open_chest":354,"minecraft:fall_one_cm":390741},"minecraft:used":{"minecraft:oak_sign":9,"minecraft:chest":11,"minecraft:carrot":30,"minecraft:azure_bluet":2,"minecraft:glass":80,"minecraft:lava_bucket":10,"create:shaft":1,"minecraft:oak_sapling":7,"minecraft:furnace":2,"create:mechanical_drill":1,"minecraft:egg":18,"minecraft:spruce_door":1,"minecraft:stone_pickaxe":449,"minecraft:oak_planks":19,"minecraft:ender_pearl":4,"minecraft:wooden_pickaxe":27,"minecraft:sandstone":11,"minecraft:composter":2,"minecraft:redstone_block":1,"minecraft:diamond_axe":3009,"minecraft:cookie":5,"minecraft:golden_hoe":21,"minecraft:blast_furnace":2,"minecraft:bread":73,"minecraft:lectern":38,"minecraft:gravel":22,"cgm:assault_rifle":87,"minecraft:diamond_sword":45,"minecraft:grindstone":2,"minecraft:smithing_table":2,"minecraft:birch_log":41,"minecraft:oak_boat":17,"minecraft:experience_bottle":2,"minecraft:enchanting_table":1,"minecraft:stone_sword":33,"minecraft:stone_shovel":28,"minecraft:stone_hoe":2,"minecraft:torch":6,"minecraft:brewing_stand":1,"minecraft:dirt":777,"minecraft:anvil":1,"cgm:workbench":1,"minecraft:hopper":12,"minecraft:bookshelf":24,"minecraft:iron_axe":181,"create:cart_assembler":1,"minecraft:diamond_chestplate":1,"minecraft:golden_carrot":26,"minecraft:minecart":6,"minecraft:golden_axe":33,"minecraft:water_bucket":118,"minecraft:rabbit":2,"minecraft:cut_sandstone":2,"minecraft:fletching_table":4,"minecraft:cobblestone_slab":183,"minecraft:salmon":10,"minecraft:rail":86,"minecraft:oak_slab":2,"minecraft:crafting_table":10,"minecraft:white_bed":4,"minecraft:light_gray_concrete_powder":3,"minecraft:smoker":12,"minecraft:oak_log":69,"minecraft:flower_pot":1,"minecraft:diamond_pickaxe":1494,"minecraft:oxeye_daisy":1,"minecraft:diamond_shovel":1055,"minecraft:iron_pickaxe":250,"minecraft:suspicious_stew":2,"minecraft:stone_slab":2,"create:large_water_wheel":4,"minecraft:stone_axe":658,"minecraft:cobblestone":449,"minecraft:bucket":130,"minecraft:dandelion":2,"minecraft:diamond_leggings":2,"minecraft:chainmail_leggings":1},"minecraft:mined":{"minecraft:white_bed":9,"minecraft:stone_pressure_plate":1,"minecraft:farmland":1,"create:andesite_casing":1,"minecraft:potted_cactus":1,"minecraft:brewing_stand":1,"minecraft:obsidian":15,"minecraft:granite":104,"minecraft:red_sand":6,"minecraft:grass_block":423,"minecraft:composter":2,"minecraft:hopper":1,"minecraft:oxeye_daisy":3,"minecraft:iron_ore":290,"minecraft:pumpkin":25,"minecraft:fletching_table":2,"minecraft:azure_bluet":3,"minecraft:dirt_path":31,"minecraft:light_gray_concrete":3,"minecraft:cut_sandstone":2,"minecraft:smoker":13,"minecraft:amethyst_cluster":26,"minecraft:blast_furnace":1,"minecraft:calcite":7,"minecraft:poppy":1,"minecraft:chest":1,"minecraft:dead_bush":70,"minecraft:glass":8,"minecraft:cobblestone":55,"minecraft:grindstone":1,"minecraft:sugar_cane":21,"minecraft:oak_planks":20,"minecraft:amethyst_block":6,"minecraft:seagrass":2,"minecraft:birch_log":1090,"minecraft:wheat":4,"minecraft:tnt":9,"minecraft:smooth_stone_slab":2,"minecraft:grass":69,"minecraft:oak_log":2286,"minecraft:sand":88,"minecraft:dirt":664,"minecraft:smooth_basalt":3,"minecraft:raw_copper_block":1,"minecraft:oak_leaves":504,"minecraft:deepslate":37,"create:zinc_ore":3,"minecraft:diamond_ore":9,"minecraft:tuff":7,"minecraft:mossy_cobblestone":3,"minecraft:deepslate_diamond_ore":11,"create:ochrum":33,"minecraft:sandstone":11,"minecraft:hay_block":24,"minecraft:redstone_ore":8,"minecraft:furnace":1,"minecraft:carrots":22,"minecraft:andesite":121,"minecraft:bell":1,"minecraft:bookshelf":9,"minecraft:deepslate_iron_ore":12,"minecraft:cobblestone_slab":3,"create:cart_assembler":1,"minecraft:rail":82,"minecraft:stripped_oak_log":47,"minecraft:stone":1042,"minecraft:smithing_table":1,"minecraft:oak_slab":1,"minecraft:redstone_block":1,"minecraft:glass_pane":1,"minecraft:spruce_door":1,"minecraft:dandelion":3,"minecraft:crafting_table":9,"minecraft:lectern":35,"minecraft:tall_grass":9,"minecraft:copper_ore":39,"minecraft:lapis_ore":8,"minecraft:diorite":72,"minecraft:birch_leaves":35,"minecraft:yellow_bed":1,"minecraft:coal_ore":96,"minecraft:sunflower":4,"minecraft:gravel":49,"minecraft:dripstone_block":18,"minecraft:gold_ore":16},"minecraft:dropped":{"minecraft:diamond_axe":2,"minecraft:oak_log":1,"minecraft:cookie":121,"minecraft:leather_helmet":1,"minecraft:flint":9,"minecraft:dirt":32,"minecraft:mutton":5,"minecraft:cooked_cod":1,"minecraft:pumpkin_pie":48,"minecraft:sunflower":3,"minecraft:white_wool":1,"minecraft:gravel":2,"minecraft:stone_axe":14,"minecraft:compass":7,"minecraft:cobbled_deepslate":14,"minecraft:birch_sapling":3,"cgm:assault_rifle":2,"minecraft:carrot":46,"minecraft:poppy":1,"minecraft:rabbit_hide":2,"minecraft:leather_leggings":1,"minecraft:beef":35,"minecraft:bread":62,"minecraft:wheat_seeds":22,"minecraft:mossy_cobblestone":4,"minecraft:dripstone_block":4,"minecraft:poisonous_potato":8,"minecraft:feather":2,"minecraft:cobblestone":41,"minecraft:amethyst_block":5,"minecraft:granite":16,"minecraft:stick":3,"minecraft:diorite":24,"minecraft:iron_axe":11,"minecraft:cactus":1,"minecraft:chainmail_leggings":48,"minecraft:smooth_basalt":3,"create:ochrum":9,"minecraft:stone_sword":2,"minecraft:raw_copper":15,"minecraft:bowl":2,"minecraft:tuff":3,"minecraft:stone_shovel":1,"minecraft:iron_boots":10,"minecraft:suspicious_stew":2,"minecraft:sea_pickle":1,"minecraft:iron_chestplate":1,"minecraft:oak_sapling":42,"minecraft:stone_pressure_plate":1,"minecraft:stone_pickaxe":1,"minecraft:red_sand":6,"minecraft:calcite":5,"minecraft:black_wool":1},"minecraft:picked_up":{"minecraft:iron_chestplate":1,"minecraft:wheat":4,"cgm:basic_bullet":192,"minecraft:redstone_block":1,"minecraft:flower_pot":1,"minecraft:smithing_table":1,"minecraft:lead":2,"minecraft:brewing_stand":1,"minecraft:amethyst_block":5,"minecraft:raw_copper":134,"minecraft:smooth_stone_slab":4,"minecraft:sea_pickle":1,"minecraft:red_sand":6,"create:cart_assembler":1,"minecraft:cobbled_deepslate":37,"cgm:short_scope":1,"minecraft:cobblestone_slab":6,"minecraft:calcite":5,"minecraft:furnace":1,"minecraft:iron_boots":1,"minecraft:stick":342,"cgm:light_grip":1,"minecraft:composter":2,"minecraft:torch":1,"create:andesite_casing":1,"minecraft:diorite":71,"minecraft:stone_sword":2,"minecraft:cactus":1,"create:ochrum":33,"minecraft:obsidian":15,"minecraft:cobblestone":1133,"minecraft:birch_log":1076,"minecraft:feather":2,"minecraft:andesite":121,"minecraft:smoker":13,"minecraft:flint":15,"minecraft:tuff":7,"create:raw_zinc":3,"minecraft:lapis_lazuli":55,"minecraft:dirt":1042,"minecraft:wheat_seeds":25,"minecraft:raw_gold":31,"minecraft:bell":1,"minecraft:grindstone":1,"minecraft:fletching_table":2,"minecraft:rabbit":2,"minecraft:stone_hoe":1,"minecraft:oak_planks":19,"minecraft:poisonous_potato":4,"minecraft:sand":88,"minecraft:ink_sac":26,"minecraft:mossy_cobblestone":5,"minecraft:light_gray_concrete":3,"minecraft:diamond":20,"minecraft:granite":104,"minecraft:bread":57,"minecraft:oak_sapling":151,"minecraft:crafting_table":9,"minecraft:azure_bluet":2,"minecraft:shield":1,"minecraft:beef":43,"minecraft:oak_boat":15,"minecraft:poppy":2,"minecraft:minecart":6,"minecraft:lectern":35,"cgm:bazooka":1,"minecraft:chest":1,"minecraft:sugar_cane":29,"minecraft:birch_sapling":22,"minecraft:raw_copper_block":1,"minecraft:egg":20,"minecraft:raw_iron":346,"minecraft:sandstone":11,"minecraft:carrot":68,"minecraft:redstone":51,"minecraft:stone_pressure_plate":1,"minecraft:tnt":9,"minecraft:cooked_cod":1,"minecraft:stone_shovel":1,"cgm:assault_rifle":3,"minecraft:hay_block":24,"minecraft:mutton":20,"minecraft:rail":80,"minecraft:white_wool":10,"minecraft:oxeye_daisy":3,"minecraft:stripped_oak_log":47,"minecraft:salmon":10,"minecraft:cut_sandstone":2,"minecraft:leather":22,"cgm:missile":3,"minecraft:oak_log":2272,"minecraft:yellow_bed":1,"minecraft:gunpowder":3,"minecraft:apple":24,"minecraft:rabbit_hide":2,"minecraft:iron_ingot":4,"minecraft:stone_pickaxe":1,"minecraft:book":27,"minecraft:oak_slab":1,"minecraft:smooth_basalt":3,"minecraft:pumpkin":25,"minecraft:dandelion":3,"minecraft:dripstone_block":18,"minecraft:gravel":35,"minecraft:amethyst_shard":212,"minecraft:blast_furnace":1,"minecraft:white_bed":9,"minecraft:spruce_door":1,"minecraft:leather_helmet":1,"cgm:tactical_stock":1,"minecraft:stone_axe":4,"minecraft:chainmail_leggings":7,"minecraft:diamond_axe":1,"minecraft:gray_wool":1,"minecraft:black_wool":1,"minecraft:coal":96,"minecraft:hopper":1,"minecraft:sunflower":4},"minecraft:killed_by":{"minecraft:iron_golem":1},"minecraft:killed":{"minecraft:dolphin":1,"minecraft:skeleton":1,"minecraft:chicken":2,"minecraft:salmon":11,"minecraft:creeper":4,"minecraft:sheep":12,"minecraft:trader_llama":2,"minecraft:zombie":1,"minecraft:cow":22,"minecraft:horse":6,"minecraft:rabbit":2,"minecraft:wandering_trader":1,"minecraft:squid":13},"minecraft:broken":{"minecraft:stone_pickaxe":3,"minecraft:stone_axe":5,"minecraft:golden_axe":1,"minecraft:iron_pickaxe":1},"minecraft:crafted":{"minecraft:light_gray_concrete_powder":8,"minecraft:black_dye":1,"minecraft:grindstone":1,"minecraft:smooth_stone":3,"minecraft:oak_planks":8988,"minecraft:cobblestone_slab":180,"minecraft:oak_sign":9,"minecraft:stone":6,"minecraft:lever":1,"minecraft:diamond_shovel":1,"minecraft:bookshelf":27,"minecraft:gray_wool":1,"minecraft:cooked_mutton":15,"minecraft:suspicious_stew":4,"minecraft:glass":80,"minecraft:hopper":11,"minecraft:diamond_helmet":1,"minecraft:diamond_leggings":1,"minecraft:iron_boots":10,"minecraft:raw_copper":9,"create:cart_assembler":1,"minecraft:chest":22,"minecraft:rail":96,"minecraft:stone_hoe":1,"create:cogwheel":3,"minecraft:name_tag":1,"minecraft:oak_slab":18,"minecraft:emerald":950,"sophisticatedbackpacks:backpack":1,"minecraft:diamond_axe":3,"minecraft:crafting_table":2,"minecraft:wooden_pickaxe":1,"minecraft:smithing_table":1,"minecraft:copper_ingot":58,"minecraft:fletching_table":2,"minecraft:birch_planks":4140,"minecraft:lectern":3,"minecraft:iron_chestplate":1,"minecraft:book":11,"minecraft:paper":27,"minecraft:diamond_pickaxe":1,"create:water_wheel":4,"minecraft:shield":1,"minecraft:stick":25425,"minecraft:stone_slab":6,"minecraft:iron_ingot":337,"minecraft:compass":7,"minecraft:iron_pickaxe":1,"minecraft:iron_block":3,"minecraft:stone_sword":1,"minecraft:gold_ingot":14,"create:large_cogwheel":3,"minecraft:light_gray_dye":1,"minecraft:nautilus_shell":5,"minecraft:golden_carrot":37,"minecraft:cookie":126,"minecraft:redstone":29,"minecraft:stone_shovel":1,"minecraft:iron_nugget":63,"minecraft:experience_bottle":2,"minecraft:furnace":2,"minecraft:blast_furnace":1,"minecraft:gray_dye":2,"minecraft:bone_meal":3,"minecraft:iron_axe":21,"minecraft:ender_pearl":16,"minecraft:stone_pickaxe":4,"minecraft:diamond_boots":2,"minecraft:redstone_block":1,"cgm:workbench":1,"minecraft:chainmail_leggings":42,"minecraft:minecart":1,"minecraft:wheat":216,"minecraft:red_dye":1,"create:andesite_alloy":26,"minecraft:diamond_sword":1,"minecraft:enchanting_table":1,"create:large_water_wheel":4,"minecraft:bucket":3,"minecraft:stone_axe":16,"minecraft:glowstone":8,"minecraft:enchanted_book":3,"minecraft:bread":133,"minecraft:air":0,"minecraft:oak_boat":6,"minecraft:white_dye":1,"minecraft:anvil":1,"create:shaft":16,"create:mechanical_drill":1,"minecraft:pumpkin_pie":48,"minecraft:torch":8,"minecraft:lapis_lazuli":12,"minecraft:diamond_chestplate":1}},"DataVersion":2975}