{"stats":{"minecraft:crafted":{"minecraft:black_dye":1,"minecraft:grindstone":1,"minecraft:light_gray_concrete_powder":8,"minecraft:oak_planks":7216,"minecraft:smooth_stone":3,"minecraft:stone":6,"minecraft:diamond_shovel":1,"minecraft:bookshelf":19,"minecraft:gray_wool":1,"minecraft:cooked_mutton":15,"minecraft:suspicious_stew":4,"minecraft:hopper":1,"minecraft:diamond_helmet":1,"minecraft:diamond_leggings":1,"minecraft:iron_boots":10,"minecraft:raw_copper":9,"minecraft:chest":8,"minecraft:stone_hoe":1,"create:cogwheel":3,"minecraft:oak_slab":18,"sophisticatedbackpacks:backpack":1,"minecraft:emerald":632,"minecraft:diamond_axe":3,"minecraft:crafting_table":2,"minecraft:wooden_pickaxe":1,"minecraft:smithing_table":1,"minecraft:copper_ingot":58,"minecraft:fletching_table":2,"minecraft:birch_planks":2588,"minecraft:lectern":3,"minecraft:iron_chestplate":1,"minecraft:book":11,"minecraft:paper":27,"minecraft:diamond_pickaxe":1,"create:water_wheel":4,"minecraft:shield":1,"minecraft:stick":19113,"minecraft:stone_slab":6,"minecraft:iron_ingot":257,"minecraft:iron_pickaxe":1,"minecraft:iron_block":3,"minecraft:stone_sword":1,"create:large_cogwheel":3,"minecraft:light_gray_dye":1,"minecraft:nautilus_shell":5,"minecraft:golden_carrot":37,"minecraft:cookie":126,"minecraft:redstone":20,"minecraft:stone_shovel":1,"minecraft:iron_nugget":63,"minecraft:furnace":2,"minecraft:blast_furnace":1,"minecraft:gray_dye":2,"minecraft:bone_meal":3,"minecraft:iron_axe":21,"minecraft:ender_pearl":5,"minecraft:stone_pickaxe":4,"minecraft:diamond_boots":1,"cgm:workbench":1,"minecraft:chainmail_leggings":42,"minecraft:wheat":216,"minecraft:red_dye":1,"create:andesite_alloy":26,"minecraft:diamond_sword":1,"minecraft:enchanting_table":1,"create:large_water_wheel":4,"minecraft:bucket":1,"minecraft:stone_axe":16,"minecraft:glowstone":8,"minecraft:enchanted_book":1,"minecraft:bread":133,"minecraft:air":0,"minecraft:oak_boat":3,"minecraft:white_dye":1,"minecraft:anvil":1,"create:shaft":16,"create:mechanical_drill":1,"minecraft:pumpkin_pie":48,"minecraft:lapis_lazuli":12,"minecraft:diamond_chestplate":1},"minecraft:custom":{"minecraft:interact_with_crafting_table":84,"minecraft:leave_game":12,"minecraft:time_since_death":379714,"minecraft:sprint_one_cm":1163934,"minecraft:drop":148,"minecraft:talked_to_villager":231,"minecraft:play_time":465261,"minecraft:deaths":1,"minecraft:jump":8000,"minecraft:walk_on_water_one_cm":41820,"minecraft:enchant_item":8,"minecraft:interact_with_furnace":31,"minecraft:traded_with_villager":827,"minecraft:sleep_in_bed":33,"minecraft:damage_dealt":6021,"minecraft:crouch_one_cm":12023,"minecraft:horse_one_cm":3180,"minecraft:mob_kills":61,"minecraft:interact_with_anvil":1,"minecraft:walk_one_cm":778763,"minecraft:sneak_time":7255,"minecraft:walk_under_water_one_cm":35723,"minecraft:boat_one_cm":3099,"minecraft:interact_with_blast_furnace":28,"minecraft:total_world_time":465261,"minecraft:interact_with_grindstone":9,"minecraft:time_since_rest":1068,"minecraft:damage_taken":1856,"minecraft:swim_one_cm":100875,"minecraft:fly_one_cm":1890136,"minecraft:open_chest":241,"minecraft:fall_one_cm":246687},"minecraft:mined":{"minecraft:stone_pressure_plate":1,"minecraft:white_bed":8,"minecraft:farmland":1,"create:andesite_casing":1,"minecraft:potted_cactus":1,"minecraft:brewing_stand":1,"minecraft:granite":88,"minecraft:red_sand":6,"minecraft:grass_block":53,"minecraft:composter":2,"minecraft:oxeye_daisy":3,"minecraft:iron_ore":269,"minecraft:pumpkin":25,"minecraft:fletching_table":2,"minecraft:azure_bluet":3,"minecraft:dirt_path":11,"minecraft:light_gray_concrete":3,"minecraft:cut_sandstone":2,"minecraft:blast_furnace":1,"minecraft:poppy":1,"minecraft:dead_bush":70,"minecraft:cobblestone":29,"minecraft:grindstone":1,"minecraft:sugar_cane":21,"minecraft:oak_planks":18,"minecraft:seagrass":2,"minecraft:birch_log":708,"minecraft:wheat":4,"minecraft:tnt":9,"minecraft:grass":50,"minecraft:oak_log":1866,"minecraft:sand":8,"minecraft:dirt":89,"minecraft:raw_copper_block":1,"minecraft:oak_leaves":418,"minecraft:deepslate":23,"create:zinc_ore":3,"minecraft:diamond_ore":9,"minecraft:tuff":4,"minecraft:mossy_cobblestone":1,"minecraft:deepslate_diamond_ore":11,"create:ochrum":24,"minecraft:sandstone":9,"minecraft:hay_block":24,"minecraft:furnace":1,"minecraft:andesite":121,"minecraft:bell":1,"minecraft:bookshelf":1,"minecraft:stripped_oak_log":15,"minecraft:stone":784,"minecraft:smithing_table":1,"minecraft:oak_slab":1,"minecraft:spruce_door":1,"minecraft:dandelion":3,"minecraft:crafting_table":7,"minecraft:lectern":35,"minecraft:tall_grass":9,"minecraft:copper_ore":37,"minecraft:lapis_ore":8,"minecraft:diorite":48,"minecraft:birch_leaves":17,"minecraft:yellow_bed":1,"minecraft:coal_ore":94,"minecraft:dripstone_block":14,"minecraft:sunflower":4,"minecraft:gravel":39},"minecraft:killed_by":{"minecraft:iron_golem":1},"minecraft:used":{"minecraft:chest":6,"minecraft:carrot":8,"minecraft:azure_bluet":2,"create:shaft":1,"minecraft:furnace":2,"minecraft:oak_sapling":7,"create:mechanical_drill":1,"minecraft:egg":15,"minecraft:spruce_door":1,"minecraft:stone_pickaxe":449,"minecraft:oak_planks":18,"minecraft:ender_pearl":1,"minecraft:wooden_pickaxe":27,"minecraft:sandstone":9,"minecraft:composter":2,"minecraft:diamond_axe":2142,"minecraft:cookie":5,"minecraft:golden_hoe":21,"minecraft:blast_furnace":2,"minecraft:bread":73,"minecraft:lectern":38,"cgm:assault_rifle":15,"minecraft:gravel":22,"minecraft:diamond_sword":37,"minecraft:grindstone":2,"minecraft:smithing_table":2,"minecraft:birch_log":19,"minecraft:oak_boat":6,"minecraft:enchanting_table":1,"minecraft:stone_sword":33,"minecraft:stone_shovel":28,"minecraft:stone_hoe":2,"minecraft:brewing_stand":1,"minecraft:dirt":109,"minecraft:anvil":1,"cgm:workbench":1,"minecraft:hopper":1,"minecraft:bookshelf":16,"minecraft:iron_axe":181,"minecraft:diamond_chestplate":1,"minecraft:golden_carrot":2,"minecraft:golden_axe":33,"minecraft:water_bucket":47,"minecraft:rabbit":2,"minecraft:cut_sandstone":2,"minecraft:fletching_table":4,"minecraft:salmon":10,"minecraft:oak_slab":2,"minecraft:crafting_table":8,"minecraft:light_gray_concrete_powder":3,"minecraft:oak_log":62,"minecraft:flower_pot":1,"minecraft:diamond_pickaxe":903,"minecraft:oxeye_daisy":1,"minecraft:diamond_shovel":66,"minecraft:iron_pickaxe":250,"minecraft:suspicious_stew":2,"create:large_water_wheel":4,"minecraft:stone_axe":658,"minecraft:cobblestone":245,"minecraft:bucket":48,"minecraft:dandelion":2,"minecraft:diamond_leggings":2,"minecraft:chainmail_leggings":1},"minecraft:broken":{"minecraft:stone_pickaxe":3,"minecraft:stone_axe":5,"minecraft:golden_axe":1,"minecraft:iron_pickaxe":1},"minecraft:picked_up":{"minecraft:wheat":4,"minecraft:iron_chestplate":1,"cgm:basic_bullet":192,"minecraft:flower_pot":1,"minecraft:smithing_table":1,"minecraft:lead":2,"minecraft:brewing_stand":1,"minecraft:raw_copper":119,"minecraft:sea_pickle":1,"minecraft:red_sand":6,"minecraft:cobbled_deepslate":23,"minecraft:iron_boots":1,"minecraft:furnace":1,"minecraft:stick":333,"cgm:light_grip":1,"minecraft:composter":2,"create:andesite_casing":1,"minecraft:diorite":47,"minecraft:stone_sword":2,"minecraft:cactus":1,"create:ochrum":24,"minecraft:cobblestone":856,"minecraft:birch_log":705,"minecraft:feather":2,"minecraft:andesite":121,"minecraft:flint":6,"minecraft:tuff":4,"create:raw_zinc":3,"minecraft:lapis_lazuli":55,"minecraft:dirt":152,"minecraft:wheat_seeds":17,"minecraft:bell":1,"minecraft:grindstone":1,"minecraft:rabbit":2,"minecraft:fletching_table":2,"minecraft:oak_planks":18,"minecraft:stone_hoe":1,"minecraft:sand":8,"minecraft:poisonous_potato":4,"minecraft:ink_sac":2,"minecraft:mossy_cobblestone":1,"minecraft:light_gray_concrete":3,"minecraft:diamond":20,"minecraft:granite":88,"minecraft:bread":57,"minecraft:oak_sapling":139,"minecraft:crafting_table":7,"minecraft:azure_bluet":2,"minecraft:shield":1,"minecraft:beef":43,"minecraft:oak_boat":4,"minecraft:poppy":1,"minecraft:lectern":35,"cgm:bazooka":1,"minecraft:sugar_cane":29,"minecraft:birch_sapling":20,"minecraft:raw_copper_block":1,"minecraft:egg":17,"minecraft:raw_iron":269,"minecraft:sandstone":9,"minecraft:stone_pressure_plate":1,"minecraft:tnt":9,"minecraft:stone_shovel":1,"cgm:assault_rifle":1,"minecraft:hay_block":24,"minecraft:mutton":20,"minecraft:white_wool":10,"minecraft:oxeye_daisy":3,"minecraft:stripped_oak_log":15,"minecraft:salmon":10,"minecraft:cut_sandstone":2,"minecraft:leather":22,"cgm:missile":3,"minecraft:oak_log":1851,"minecraft:yellow_bed":1,"minecraft:apple":20,"minecraft:rabbit_hide":2,"minecraft:stone_pickaxe":1,"minecraft:book":3,"minecraft:oak_slab":1,"minecraft:pumpkin":25,"minecraft:dandelion":2,"minecraft:dripstone_block":14,"minecraft:gravel":33,"minecraft:blast_furnace":1,"minecraft:white_bed":8,"minecraft:spruce_door":1,"minecraft:leather_helmet":1,"cgm:tactical_stock":1,"minecraft:stone_axe":4,"minecraft:chainmail_leggings":7,"minecraft:diamond_axe":1,"minecraft:gray_wool":1,"minecraft:black_wool":1,"minecraft:coal":94,"minecraft:sunflower":4},"minecraft:killed":{"minecraft:chicken":2,"minecraft:salmon":11,"minecraft:creeper":1,"minecraft:sheep":12,"minecraft:trader_llama":2,"minecraft:zombie":1,"minecraft:cow":22,"minecraft:horse":6,"minecraft:rabbit":2,"minecraft:wandering_trader":1,"minecraft:squid":1},"minecraft:dropped":{"minecraft:diamond_axe":2,"minecraft:cookie":121,"minecraft:leather_helmet":1,"minecraft:dirt":16,"minecraft:mutton":5,"minecraft:pumpkin_pie":48,"minecraft:sunflower":3,"minecraft:white_wool":1,"minecraft:stone_axe":14,"minecraft:birch_sapling":3,"minecraft:rabbit_hide":2,"minecraft:leather_leggings":1,"minecraft:beef":35,"minecraft:bread":62,"minecraft:wheat_seeds":16,"minecraft:poisonous_potato":8,"minecraft:feather":2,"minecraft:stick":3,"minecraft:iron_axe":11,"minecraft:cactus":1,"minecraft:chainmail_leggings":48,"minecraft:stone_sword":2,"minecraft:bowl":2,"minecraft:stone_shovel":1,"minecraft:iron_boots":10,"minecraft:suspicious_stew":2,"minecraft:sea_pickle":1,"minecraft:iron_chestplate":1,"minecraft:oak_sapling":30,"minecraft:stone_pressure_plate":1,"minecraft:stone_pickaxe":1,"minecraft:red_sand":6,"minecraft:black_wool":1}},"DataVersion":2975}